## Validation commands
== 2026-06-25T23:16:13Z == git pull --ff-only
Already up to date.
== 2026-06-25T23:16:14Z == node scripts/framework-doctor.mjs
{
  "repoRoot": "/root/.hermes/projects/everythingAI/",
  "status": "PASS",
  "gh": {
    "ok": true,
    "detail": "gh authenticated"
  },
  "state": "valid json",
  "files": [
    {
      "path": "package.json",
      "present": true
    },
    {
      "path": "scripts/task-poller.mjs",
      "present": true
    },
    {
      "path": "scripts/task-worker.mjs",
      "present": true
    },
    {
      "path": "scripts/framework-doctor.mjs",
      "present": true
    },
    {
      "path": "src/task-queue.js",
      "present": true
    },
    {
      "path": "templates/ISSUE_TEMPLATE_TASK.md",
      "present": true
    },
    {
      "path": "templates/ISSUE_TEMPLATE_BUGFIX.md",
      "present": true
    },
    {
      "path": "templates/ISSUE_TEMPLATE_REVIEW.md",
      "present": true
    },
    {
      "path": "templates/REPORT_TEMPLATE.md",
      "present": true
    },
    {
      "path": "templates/STATE_TEMPLATE.json",
      "present": true
    },
    {
      "path": "skills/hermes-pm-framework.skill.md",
      "present": true
    },
    {
      "path": "skills/hermes-pm-framework.prompt.json",
      "present": true
    },
    {
      "path": "LOGS",
      "present": true
    },
    {
      "path": "REPORTS",
      "present": true
    }
  ]
}
== 2026-06-25T23:16:16Z == cd apps/everything-ai-ui && npm run typecheck

> everything-ai-ui@0.1.0 typecheck
> tsc --noEmit

== 2026-06-25T23:16:48Z == cd apps/everything-ai-ui && npm run build

> everything-ai-ui@0.1.0 build
> vite build

vite v5.4.2 building for production...
transforming...
✓ 1553 modules transformed.
rendering chunks...
computing gzip size...
dist/admin.html                    0.48 kB │ gzip:  0.29 kB
dist/index.html                    0.55 kB │ gzip:  0.30 kB
dist/assets/styles-CTHDoyWt.css   18.98 kB │ gzip:  4.55 kB
dist/assets/user-C1KcAk1Y.css     23.19 kB │ gzip:  4.70 kB
dist/assets/admin-CQgzb_1a.js     74.77 kB │ gzip: 19.67 kB
dist/assets/user-DBCXjZrN.js      88.71 kB │ gzip: 21.79 kB
dist/assets/styles-CP9YyM-s.js   153.51 kB │ gzip: 49.49 kB
✓ built in 46.26s
== 2026-06-25T23:17:37Z == cd services/api && npm test

> everythingai-api@0.1.0 test
> node --test

TAP version 13
# Subtest: agent bridge defaults keep connector execution and chat disabled
ok 1 - agent bridge defaults keep connector execution and chat disabled
  ---
  duration_ms: 8.091374
  type: 'test'
  ...
# Subtest: primary connector catalog contains expected safe commands and disabled flags
ok 2 - primary connector catalog contains expected safe commands and disabled flags
  ---
  duration_ms: 1.128198
  type: 'test'
  ...
# Subtest: agent detection rejects unsafe connector command overrides before PATH lookup
ok 3 - agent detection rejects unsafe connector command overrides before PATH lookup
  ---
  duration_ms: 0.919227
  type: 'test'
  ...
# Subtest: agent probes refuse to execute even when an integration is enabled unless backend bridge flag is set
ok 4 - agent probes refuse to execute even when an integration is enabled unless backend bridge flag is set
  ---
  duration_ms: 1.256417
  type: 'test'
  ...
# Subtest: agent probes only allow explicit safe actions
ok 5 - agent probes only allow explicit safe actions
  ---
  duration_ms: 0.624887
  type: 'test'
  ...
# Subtest: agent chat refuses to execute unless both backend bridge and chat flags are set
ok 6 - agent chat refuses to execute unless both backend bridge and chat flags are set
  ---
  duration_ms: 1.241249
  type: 'test'
  ...
# Subtest: agent bridge security notice documents the browser command-execution boundary
ok 7 - agent bridge security notice documents the browser command-execution boundary
  ---
  duration_ms: 0.66899
  type: 'test'
  ...
# Subtest: document context includes active file metadata, preview text, source reference, and insight
ok 8 - document context includes active file metadata, preview text, source reference, and insight
  ---
  duration_ms: 452.652826
  type: 'test'
  ...
# Subtest: document context marks trashed files without hiding context
ok 9 - document context marks trashed files without hiding context
  ---
  duration_ms: 450.613386
  type: 'test'
  ...
# Subtest: document context exposes failed stale file state clearly
ok 10 - document context exposes failed stale file state clearly
  ---
  duration_ms: 232.87208
  type: 'test'
  ...
# Subtest: embedding generation accepts a custom synchronous provider while default search remains stable
ok 11 - embedding generation accepts a custom synchronous provider while default search remains stable
  ---
  duration_ms: 497.385331
  type: 'test'
  ...
# Subtest: embedding generation skips unchanged extracted text and regenerates changed text
ok 12 - embedding generation skips unchanged extracted text and regenerates changed text
  ---
  duration_ms: 496.318207
  type: 'test'
  ...
# Subtest: normal action execution keeps execution_batch_id null
ok 13 - normal action execution keeps execution_batch_id null
  ---
  duration_ms: 306.743393
  type: 'test'
  ...
# Subtest: successful action execution stores execution_batch_id when provided
ok 14 - successful action execution stores execution_batch_id when provided
  ---
  duration_ms: 148.968127
  type: 'test'
  ...
# Subtest: failed action execution stores execution_batch_id when provided
ok 15 - failed action execution stores execution_batch_id when provided
  ---
  duration_ms: 235.541837
  type: 'test'
  ...
# Subtest: creates draft execution batch from selected ready preview IDs
ok 16 - creates draft execution batch from selected ready preview IDs
  ---
  duration_ms: 196.571614
  type: 'test'
  ...
# Subtest: creates draft batch with blocked preview counts without executing anything
ok 17 - creates draft batch with blocked preview counts without executing anything
  ---
  duration_ms: 144.369376
  type: 'test'
  ...
# Subtest: deduplicates preview IDs while preserving first-seen order
ok 18 - deduplicates preview IDs while preserving first-seen order
  ---
  duration_ms: 250.820985
  type: 'test'
  ...
# Subtest: rejects empty or missing preview IDs
ok 19 - rejects empty or missing preview IDs
  ---
  duration_ms: 233.370129
  type: 'test'
  ...
# Subtest: lists execution batches and returns batch detail with executions array
ok 20 - lists execution batches and returns batch detail with executions array
  ---
  duration_ms: 300.117285
  type: 'test'
  ...
# Subtest: approves a draft execution batch with explicit approval
ok 21 - approves a draft execution batch with explicit approval
  ---
  duration_ms: 384.451612
  type: 'test'
  ...
# Subtest: rejects batch approval without explicit approval
ok 22 - rejects batch approval without explicit approval
  ---
  duration_ms: 164.288853
  type: 'test'
  ...
# Subtest: rejects approval for blocked-preview and missing batches
ok 23 - rejects approval for blocked-preview and missing batches
  ---
  duration_ms: 277.999221
  type: 'test'
  ...
# Subtest: rejects approving a batch that is no longer draft
ok 24 - rejects approving a batch that is no longer draft
  ---
  duration_ms: 430.854438
  type: 'test'
  ...
# Subtest: runs an approved execution batch through the safe executor
ok 25 - runs an approved execution batch through the safe executor
  ---
  duration_ms: 174.676396
  type: 'test'
  ...
# Subtest: rejects running batch without explicit approval or from wrong status
ok 26 - rejects running batch without explicit approval or from wrong status
  ---
  duration_ms: 102.920603
  type: 'test'
  ...
# Subtest: stops execution batch on first failure and marks completed_with_errors after partial success
ok 27 - stops execution batch on first failure and marks completed_with_errors after partial success
  ---
  duration_ms: 222.720748
  type: 'test'
  ...
# Subtest: execution without approval is rejected without creating execution or snapshot
ok 28 - execution without approval is rejected without creating execution or snapshot
  ---
  duration_ms: 433.256344
  type: 'test'
  ...
# Subtest: blocked preview cannot execute and is rejected before mutation
ok 29 - blocked preview cannot execute and is rejected before mutation
  ---
  duration_ms: 314.009915
  type: 'test'
  ...
# Subtest: source missing creates failed execution, failed audit, and no snapshot
ok 30 - source missing creates failed execution, failed audit, and no snapshot
  ---
  duration_ms: 280.109653
  type: 'test'
  ...
# Subtest: target exists creates failed execution, failed audit, and no snapshot
ok 31 - target exists creates failed execution, failed audit, and no snapshot
  ---
  duration_ms: 393.323333
  type: 'test'
  ...
# Subtest: execution against active trashed file is rejected with failed audit and no snapshot
ok 32 - execution against active trashed file is rejected with failed audit and no snapshot
  ---
  duration_ms: 204.37519
  type: 'test'
  ...
# Subtest: move execution creates and uses recovery snapshot before filesystem mutation
ok 33 - move execution creates and uses recovery snapshot before filesystem mutation
  ---
  duration_ms: 273.311967
  type: 'test'
  ...
# Subtest: rename execution creates and uses recovery snapshot before filesystem mutation
ok 34 - rename execution creates and uses recovery snapshot before filesystem mutation
  ---
  duration_ms: 356.810593
  type: 'test'
  ...
# Subtest: app-level label execution does not create filesystem recovery snapshot
ok 35 - app-level label execution does not create filesystem recovery snapshot
  ---
  duration_ms: 207.795058
  type: 'test'
  ...
# Subtest: job runner records completed jobs
ok 36 - job runner records completed jobs
  ---
  duration_ms: 4.207218
  type: 'test'
  ...
# Subtest: job runner records failed jobs and rethrows errors
ok 37 - job runner records failed jobs and rethrows errors
  ---
  duration_ms: 2.043327
  type: 'test'
  ...
# Subtest: knowledge ingestion can be wrapped as a job without creating planning suggestions
ok 38 - knowledge ingestion can be wrapped as a job without creating planning suggestions
  ---
  duration_ms: 752.323868
  type: 'test'
  ...
# Subtest: watcher cycles are recorded as jobs without automatic planning suggestions
ok 39 - watcher cycles are recorded as jobs without automatic planning suggestions
  ---
  duration_ms: 1769.351153
  type: 'test'
  ...
# Subtest: indexes recursively, skips unsafe folders, and hashes files stably
ok 40 - indexes recursively, skips unsafe folders, and hashes files stably
  ---
  duration_ms: 246.564536
  type: 'test'
  ...
# Subtest: extracts supported readable files and records failures without aborting
ok 41 - extracts supported readable files and records failures without aborting
  ---
  duration_ms: 465.881566
  type: 'test'
  ...
# Subtest: searches filename, path, and extracted content with snippets
ok 42 - searches filename, path, and extracted content with snippets
  ---
  duration_ms: 189.940979
  type: 'test'
  ...
# Subtest: prepares chat retrieval and creates preview-only suggestions without mutating source files
ok 43 - prepares chat retrieval and creates preview-only suggestions without mutating source files
  ---
  duration_ms: 278.063862
  type: 'test'
  ...
# Subtest: calls an Ollama-compatible provider when configured
ok 44 - calls an Ollama-compatible provider when configured
  ---
  duration_ms: 4.985613
  type: 'test'
  ...
# Subtest: defaults provider settings to Ollama and updates model options
ok 45 - defaults provider settings to Ollama and updates model options
  ---
  duration_ms: 7.037326
  type: 'test'
  ...
# Subtest: parses selected Windows folder path from the native folder picker
ok 46 - parses selected Windows folder path from the native folder picker # SKIP Windows-only folder picker
  ---
  duration_ms: 5.861629
  type: 'test'
  ...
# Subtest: creates safe action previews without executing file actions
ok 47 - creates safe action previews without executing file actions
  ---
  duration_ms: 167.784281
  type: 'test'
  ...
# Subtest: uses Organizor2-inspired content rules for organization suggestions
ok 48 - uses Organizor2-inspired content rules for organization suggestions
  ---
  duration_ms: 138.786799
  type: 'test'
  ...
# Subtest: executes approved move previews and can undo filesystem changes
ok 49 - executes approved move previews and can undo filesystem changes
  ---
  duration_ms: 212.295424
  type: 'test'
  ...
# Subtest: executes app-level label actions and lists applied labels
ok 50 - executes app-level label actions and lists applied labels
  ---
  duration_ms: 184.076976
  type: 'test'
  ...
# Subtest: syncs extracted files to AnythingLLM upload API when configured
ok 51 - syncs extracted files to AnythingLLM upload API when configured
  ---
  duration_ms: 753.799586
  type: 'test'
  ...
# Subtest: generates deterministic insights and semantic related search results
ok 52 - generates deterministic insights and semantic related search results
  ---
  duration_ms: 345.421691
  type: 'test'
  ...
# Subtest: detects duplicate files by content hash
ok 53 - detects duplicate files by content hash
  ---
  duration_ms: 254.724478
  type: 'test'
  ...
# Subtest: starts a watcher and indexes changed files without automatic planning suggestions
ok 54 - starts a watcher and indexes changed files without automatic planning suggestions
  ---
  duration_ms: 1875.932049
  type: 'test'
  ...
# Subtest: builds knowledge index from generated insights
ok 55 - builds knowledge index from generated insights
  ---
  duration_ms: 238.193169
  type: 'test'
  ...
# Subtest: reports system status counts for the local dashboard
ok 56 - reports system status counts for the local dashboard
  ---
  duration_ms: 290.065501
  type: 'test'
  ...
# Subtest: knowledge ingestion pipeline prepares searchable knowledge without organization suggestions
ok 57 - knowledge ingestion pipeline prepares searchable knowledge without organization suggestions
  ---
  duration_ms: 199.191097
  type: 'test'
  ...
# Subtest: nested undo restores the original nested relative path after approved cross-folder move
ok 58 - nested undo restores the original nested relative path after approved cross-folder move
  ---
  duration_ms: 218.505204
  type: 'test'
  ...
# Subtest: configured suggestions enforce action allow-list rules
ok 59 - configured suggestions enforce action allow-list rules
  ---
  duration_ms: 392.611746
  type: 'test'
  ...
# Subtest: configured suggestions enforce confidence threshold
ok 60 - configured suggestions enforce confidence threshold
  ---
  duration_ms: 139.659027
  type: 'test'
  ...
# Subtest: configured suggestions can mark previews as not requiring approval
ok 61 - configured suggestions can mark previews as not requiring approval
  ---
  duration_ms: 129.300259
  type: 'test'
  ...
# Subtest: dry-run-only planning rule blocks action previews from execution
ok 62 - dry-run-only planning rule blocks action previews from execution
  ---
  duration_ms: 77.618943
  type: 'test'
  ...
# Subtest: creates and lists planning sessions
ok 63 - creates and lists planning sessions
  ---
  duration_ms: 201.528542
  type: 'test'
  ...
# Subtest: runs a planning session and links generated suggestions to the session
ok 64 - runs a planning session and links generated suggestions to the session
  ---
  duration_ms: 454.713235
  type: 'test'
  ...
# Subtest: session-aware dedupe does not let global suggestions block session suggestions
ok 65 - session-aware dedupe does not let global suggestions block session suggestions
  ---
  duration_ms: 216.509967
  type: 'test'
  ...
# Subtest: rerunning the same planning session dedupes inside that session
ok 66 - rerunning the same planning session dedupes inside that session
  ---
  duration_ms: 403.328094
  type: 'test'
  ...
# Subtest: previews and execution still work from session-linked suggestions
ok 67 - previews and execution still work from session-linked suggestions
  ---
  duration_ms: 243.045011
  type: 'test'
  ...
# Subtest: provider planning sessions use the configured provider for suggestions
ok 68 - provider planning sessions use the configured provider for suggestions
  ---
  duration_ms: 204.786609
  type: 'test'
  ...
# Subtest: configured provider can generate safe planning suggestions
ok 69 - configured provider can generate safe planning suggestions
  ---
  duration_ms: 188.821938
  type: 'test'
  ...
# Subtest: configured provider suggestion generation falls back to deterministic suggestions when provider is unavailable
ok 70 - configured provider suggestion generation falls back to deterministic suggestions when provider is unavailable
  ---
  duration_ms: 114.194133
  type: 'test'
  ...
# Subtest: provider runtime explains remote provider policy blocks
ok 71 - provider runtime explains remote provider policy blocks
  ---
  duration_ms: 88.988832
  type: 'test'
  ...
# Subtest: provider runtime explains missing API keys
ok 72 - provider runtime explains missing API keys
  ---
  duration_ms: 109.618956
  type: 'test'
  ...
# Subtest: provider runtime classifies provider HTTP authorization failures
ok 73 - provider runtime classifies provider HTTP authorization failures
  ---
  duration_ms: 108.752067
  type: 'test'
  ...
# Subtest: moves a file to local recovery trash with retention metadata and audit event
ok 74 - moves a file to local recovery trash with retention metadata and audit event
  ---
  duration_ms: 422.144119
  type: 'test'
  ...
# Subtest: prevents duplicate active trash records for the same file
ok 75 - prevents duplicate active trash records for the same file
  ---
  duration_ms: 128.15999
  type: 'test'
  ...
# Subtest: restores a trashed file record and records recovery audit event
ok 76 - restores a trashed file record and records recovery audit event
  ---
  duration_ms: 390.641516
  type: 'test'
  ...
# Subtest: prevents restoring a trash record more than once
ok 77 - prevents restoring a trash record more than once
  ---
  duration_ms: 179.298951
  type: 'test'
  ...
# Subtest: prevents restoring when indexed file path changed after trashing
ok 78 - prevents restoring when indexed file path changed after trashing
  ---
  duration_ms: 194.775369
  type: 'test'
  ...
# Subtest: blocks permanent purge in the local MVP and audits the denial
ok 79 - blocks permanent purge in the local MVP and audits the denial
  ---
  duration_ms: 293.705059
  type: 'test'
  ...
# Subtest: hides active trash records from file list visibility by default
ok 80 - hides active trash records from file list visibility by default
  ---
  duration_ms: 114.330277
  type: 'test'
  ...
# Subtest: hides active trash records from keyword search by default
ok 81 - hides active trash records from keyword search by default
  ---
  duration_ms: 145.391265
  type: 'test'
  ...
# Subtest: creates recovery snapshot with replay metadata
ok 82 - creates recovery snapshot with replay metadata
  ---
  duration_ms: 366.783812
  type: 'test'
  ...
# Subtest: lists recovery snapshots by file, preview, execution, and status
ok 83 - lists recovery snapshots by file, preview, execution, and status
  ---
  duration_ms: 221.582062
  type: 'test'
  ...
# Subtest: marks recovery snapshot used and failed
ok 84 - marks recovery snapshot used and failed
  ---
  duration_ms: 296.241869
  type: 'test'
  ...
# Subtest: rejects invalid recovery snapshot requests
ok 85 - rejects invalid recovery snapshot requests
  ---
  duration_ms: 179.986816
  type: 'test'
  ...
# Subtest: content search results include stable source references
ok 86 - content search results include stable source references
  ---
  duration_ms: 355.668099
  type: 'test'
  ...
# Subtest: filename and path search results include stable source references
ok 87 - filename and path search results include stable source references
  ---
  duration_ms: 206.205139
  type: 'test'
  ...
# Subtest: normal search hides trashed files while includeTrashed returns explicit trashed state
ok 88 - normal search hides trashed files while includeTrashed returns explicit trashed state
  ---
  duration_ms: 362.026917
  type: 'test'
  ...
# Subtest: failed extraction files remain searchable by filename with explicit failed extraction state
ok 89 - failed extraction files remain searchable by filename with explicit failed extraction state
  ---
  duration_ms: 379.367447
  type: 'test'
  ...
# Subtest: unsupported files remain searchable by filename with explicit unsupported extraction state
ok 90 - unsupported files remain searchable by filename with explicit unsupported extraction state
  ---
  duration_ms: 114.633283
  type: 'test'
  ...
# Subtest: stale missing files remain searchable by filename with explicit failed index state
ok 91 - stale missing files remain searchable by filename with explicit failed index state
  ---
  duration_ms: 97.971741
  type: 'test'
  ...
# Subtest: scanner skips persisted unchanged files and re-indexes changed files
ok 92 - scanner skips persisted unchanged files and re-indexes changed files
  ---
  duration_ms: 159.073632
  type: 'test'
  ...
# Subtest: persisted active source paths are selected for restart resume
ok 93 - persisted active source paths are selected for restart resume
  ---
  duration_ms: 283.863366
  type: 'test'
  ...
# Subtest: resumePersistedWatchers restarts only persisted active source paths
ok 94 - resumePersistedWatchers restarts only persisted active source paths
  ---
  duration_ms: 117.478287
  type: 'test'
  ...
# Subtest: resumePersistedWatchers reports failed persisted source paths without aborting remaining resumes
ok 95 - resumePersistedWatchers reports failed persisted source paths without aborting remaining resumes
  ---
  duration_ms: 44.765817
  type: 'test'
  ...
# Subtest: marks missing indexed files as stale failures during extraction
ok 96 - marks missing indexed files as stale failures during extraction
  ---
  duration_ms: 198.563876
  type: 'test'
  ...
# Subtest: undo without approval is rejected without audit or snapshot
ok 97 - undo without approval is rejected without audit or snapshot
  ---
  duration_ms: 148.620827
  type: 'test'
  ...
# Subtest: successful filesystem undo creates used undo snapshot and audit includes snapshot id
ok 98 - successful filesystem undo creates used undo snapshot and audit includes snapshot id
  ---
  duration_ms: 120.280732
  type: 'test'
  ...
# Subtest: undo source missing is rejected and audited without snapshot
ok 99 - undo source missing is rejected and audited without snapshot
  ---
  duration_ms: 132.882591
  type: 'test'
  ...
# Subtest: undo target exists is rejected and audited without snapshot
ok 100 - undo target exists is rejected and audited without snapshot
  ---
  duration_ms: 330.830487
  type: 'test'
  ...
# Subtest: semantic search hides trashed files by default and includes them when requested
ok 101 - semantic search hides trashed files by default and includes them when requested
  ---
  duration_ms: 183.15274
  type: 'test'
  ...
# Subtest: unified search does not leak trashed file-linked rows by default
ok 102 - unified search does not leak trashed file-linked rows by default
  ---
  duration_ms: 214.677916
  type: 'test'
  ...
# Subtest: watcher handles rapid file changes through debounced queued cycles
ok 103 - watcher handles rapid file changes through debounced queued cycles
  ---
  duration_ms: 2416.259357
  type: 'test'
  ...
# Subtest: wiki file pages do not use AI summaries as source-backed document body
ok 104 - wiki file pages do not use AI summaries as source-backed document body
  ---
  duration_ms: 175.866109
  type: 'test'
  ...
# Subtest: wiki file pages populate document body from extracted source text when available
ok 105 - wiki file pages populate document body from extracted source text when available
  ---
  duration_ms: 184.752137
  type: 'test'
  ...
# Subtest: wiki source chunks include page numbers when extraction metadata provides a page map
ok 106 - wiki source chunks include page numbers when extraction metadata provides a page map
  ---
  duration_ms: 219.033791
  type: 'test'
  ...
# Subtest: persists durable wiki pages, sections, sources, chunks, relations, and rebuild records
ok 107 - persists durable wiki pages, sections, sources, chunks, relations, and rebuild records
  ---
  duration_ms: 125.225548
  type: 'test'
  ...
# Subtest: persists cross-page relations even when the target page appears later in the batch
ok 108 - persists cross-page relations even when the target page appears later in the batch
  ---
  duration_ms: 214.156541
  type: 'test'
  ...
# Subtest: durable wiki evidence routes expose pages, evidence, and source chunks
ok 109 - durable wiki evidence routes expose pages, evidence, and source chunks
  ---
  duration_ms: 407.043964
  type: 'test'
  ...
# Subtest: wiki validation preview route returns advisory read-only preview for persisted page
ok 110 - wiki validation preview route returns advisory read-only preview for persisted page
  ---
  duration_ms: 191.841488
  type: 'test'
  ...
# Subtest: wiki diagnostics route exposes rebuild state, dependencies, fingerprints, and rebuild history
ok 111 - wiki diagnostics route exposes rebuild state, dependencies, fingerprints, and rebuild history
  ---
  duration_ms: 164.504918
  type: 'test'
  ...
# Subtest: wiki build persists generated wiki on first build when no persisted wiki exists
ok 112 - wiki build persists generated wiki on first build when no persisted wiki exists
  ---
  duration_ms: 179.892661
  type: 'test'
  ...
# Subtest: wiki build no-op preserves persisted wiki pages after a real prior build
ok 113 - wiki build no-op preserves persisted wiki pages after a real prior build
  ---
  duration_ms: 262.5309
  type: 'test'
  ...
# Subtest: wiki build detects changed extraction dependencies and selectively replaces affected pages
ok 114 - wiki build detects changed extraction dependencies and selectively replaces affected pages
  ---
  duration_ms: 185.939114
  type: 'test'
  ...
1..114
# tests 114
# suites 0
# pass 113
# fail 0
# cancelled 0
# skipped 1
# todo 0
# duration_ms 13434.521401


## Runtime QA commands
:: health :: status=200
{
  "status": "ok",
  "service": "everythingai-api",
  "timestamp": "2026-06-25T23:20:23.082Z"
}
:: index :: status=201
{
  "rootPath": "/tmp/eai-task-024.Cxsuql/disposable-alpha",
  "maxFileSizeBytes": 262144000,
  "scanned": 3,
  "indexed": 3,
  "failed": 0,
  "skipped": 0,
  "skipped_unchanged": 0,
  "skipped_large": 0,
  "skipped_excluded": 0,
  "skippedReasons": [],
  "failedItems": [],
  "diagnostics": {
    "skippedReasons": [],
    "failedItems": []
  },
  "automation": {
    "enabled": false
  },
  "job": null
}
:: extract :: status=200
{
  "total": 3,
  "extracted": 2,
  "failed": 0,
  "stale_missing": 0,
  "unsupported": 1,
  "skipped_unchanged": 0,
  "failedItems": [],
  "staleMissingItems": [],
  "unsupportedItems": [
    {
      "fileId": "8040e6be320de2eca1a444f7508762cf2433b0ecbee4fa708661243ca49ac0d7",
      "filename": "unsupported.bin",
      "absolutePath": "/tmp/eai-task-024.Cxsuql/disposable-alpha/unsupported.bin",
      "extension": ".bin",
      "message": "Unsupported extension: .bin",
      "extractorName": "unsupported"
    }
  ],
  "skippedItems": [],
  "diagnostics": {
    "failedItems": [],
    "staleMissingItems": [],
    "unsupportedItems": [
      {
        "fileId": "8040e6be320de2eca1a444f7508762cf2433b0ecbee4fa708661243ca49ac0d7",
        "filename": "unsupported.bin",
        "absolutePath": "/tmp/eai-task-024.Cxsuql/disposable-alpha/unsupported.bin",
        "extension": ".bin",
        "message": "Unsupported extension: .bin",
        "extractorName": "unsupported"
      }
    ],
    "skippedItems": []
  }
}
:: files :: status=200
{
  "files": [
    {
      "id": "8040e6be320de2eca1a444f7508762cf2433b0ecbee4fa708661243ca49ac0d7",
      "filename": "unsupported.bin",
      "absolute_path": "/tmp/eai-task-024.Cxsuql/disposable-alpha/unsupported.bin",
      "relative_path": "unsupported.bin",
      "extension": ".bin",
      "mime_type": "application/octet-stream",
      "size_bytes": 8,
      "created_at": "2026-06-25T23:18:18.937Z",
      "modified_at": "2026-06-25T23:18:18.937Z",
      "content_hash": "4c4b6a3be1314ab86138bef4314dde022e600960d8689a2c8f8631802d20dab6",
      "index_status": "indexed",
      "last_indexed_at": "2026-06-25T23:20:23.427Z",
      "error_message": null,
      "recovery_status": "active"
    },
    {
      "id": "93b3acec59dfc0bfa4da75df429142e3a646f59e6d0bbe3355d22efb831c2edb",
      "filename": "supplier-contract.txt",
      "absolute_path": "/tmp/eai-task-024.Cxsuql/disposable-alpha/supplier-contract.txt",
      "relative_path": "supplier-contract.txt",
      "extension": ".txt",
      "mime_type": "text/plain",
      "size_bytes": 139,
      "created_at": "2026-06-25T23:18:18.683Z",
      "modified_at": "2026-06-25T23:18:18.688Z",
      "content_hash": "6726c9bfe7007f388830c96a41d4630ebe1554493f215f7a6283bddb36540131",
      "index_status": "indexed",
      "last_indexed_at": "2026-06-25T23:20:23.409Z",
      "error_message": null,
      "recovery_status": "active"
    },
    {
      "id": "aa7d93621c477b171a32b9a2aceb94848c09b30ba460fef807081351cd7b9209",
      "filename": "project-notes.md",
      "absolute_path": "/tmp/eai-task-024.Cxsuql/disposable-alpha/project-notes.md",
      "relative_path": "project-notes.md",
      "extension": ".md",
      "mime_type": "text/markdown",
      "size_bytes": 112,
      "created_at": "2026-06-25T23:18:18.689Z",
      "modified_at": "2026-06-25T23:18:18.691Z",
      "content_hash": "495aaeecb5f407fdaec9324b5908723e82b9627d6f727f6e3b181e38e40351ba",
      "index_status": "indexed",
      "last_indexed_at": "2026-06-25T23:20:23.370Z",
      "error_message": null,
      "recovery_status": "active"
    }
  ]
}
:: search :: status=200
{
  "results": [
    {
      "id": "93b3acec59dfc0bfa4da75df429142e3a646f59e6d0bbe3355d22efb831c2edb",
      "filename": "supplier-contract.txt",
      "absolute_path": "/tmp/eai-task-024.Cxsuql/disposable-alpha/supplier-contract.txt",
      "relative_path": "supplier-contract.txt",
      "extension": ".txt",
      "mime_type": "text/plain",
      "size_bytes": 139,
      "modified_at": "2026-06-25T23:18:18.688Z",
      "index_status": "indexed",
      "extraction_status": "extracted",
      "extraction_error_message": null,
      "snippet": "EverythingAI disposable QA [supplier] contract.\n[Supplier] onboarding checklist.\nBatch approval validation.\nRecovery trash restore validation.",
      "recovery_status": "active",
      "source_reference": {
        "file_id": "93b3acec59dfc0bfa4da75df429142e3a646f59e6d0bbe3355d22efb831c2edb",
        "filename": "supplier-contract.txt",
        "absolute_path": "/tmp/eai-task-024.Cxsuql/disposable-alpha/supplier-contract.txt",
        "relative_path": "supplier-contract.txt",
        "source_type": "local_file",
        "source_label": "supplier-contract.txt"
      }
    },
    {
      "id": "aa7d93621c477b171a32b9a2aceb94848c09b30ba460fef807081351cd7b9209",
      "filename": "project-notes.md",
      "absolute_path": "/tmp/eai-task-024.Cxsuql/disposable-alpha/project-notes.md",
      "relative_path": "project-notes.md",
      "extension": ".md",
      "mime_type": "text/markdown",
      "size_bytes": 112,
      "modified_at": "2026-06-25T23:18:18.691Z",
      "index_status": "indexed",
      "extraction_status": "extracted",
      "extraction_error_message": null,
      "snippet": "# Disposable QA Notes\n\nThis folder is for validation only.\nIt mentions [supplier] intake and progress visibility.",
      "recovery_status": "active",
      "source_reference": {
        "file_id": "aa7d93621c477b171a32b9a2aceb94848c09b30ba460fef807081351cd7b9209",
        "filename": "project-notes.md",
        "absolute_path": "/tmp/eai-task-024.Cxsuql/disposable-alpha/project-notes.md",
        "relative_path": "project-notes.md",
        "source_type": "local_file",
        "source_label": "project-notes.md"
      }
    }
  ]
}
:: preview :: status=200
{
  "file": {
    "id": "93b3acec59dfc0bfa4da75df429142e3a646f59e6d0bbe3355d22efb831c2edb",
    "filename": "supplier-contract.txt",
    "absolute_path": "/tmp/eai-task-024.Cxsuql/disposable-alpha/supplier-contract.txt",
    "relative_path": "supplier-contract.txt",
    "extension": ".txt",
    "mime_type": "text/plain",
    "size_bytes": 139,
    "created_at": "2026-06-25T23:18:18.683Z",
    "modified_at": "2026-06-25T23:18:18.688Z",
    "content_hash": "6726c9bfe7007f388830c96a41d4630ebe1554493f215f7a6283bddb36540131",
    "index_status": "indexed",
    "index_error_message": null,
    "last_indexed_at": "2026-06-25T23:20:23.409Z",
    "extraction_status": "extracted",
    "extraction_error_message": null,
    "extractor_name": "plain-text",
    "extracted_at": "2026-06-25T23:20:23.494Z",
    "recovery_status": "active",
    "source_reference": {
      "file_id": "93b3acec59dfc0bfa4da75df429142e3a646f59e6d0bbe3355d22efb831c2edb",
      "filename": "supplier-contract.txt",
      "absolute_path": "/tmp/eai-task-024.Cxsuql/disposable-alpha/supplier-contract.txt",
      "relative_path": "supplier-contract.txt",
      "source_type": "local_file",
      "source_label": "supplier-contract.txt"
    }
  },
  "previewText": "EverythingAI disposable QA supplier contract.\nSupplier onboarding checklist.\nBatch approval validation.\nRecovery trash restore validation.",
  "insight": null,
  "source_reference": {
    "file_id": "93b3acec59dfc0bfa4da75df429142e3a646f59e6d0bbe3355d22efb831c2edb",
    "filename": "supplier-contract.txt",
    "absolute_path": "/tmp/eai-task-024.Cxsuql/disposable-alpha/supplier-contract.txt",
    "relative_path": "supplier-contract.txt",
    "source_type": "local_file",
    "source_label": "supplier-contract.txt"
  }
}
:: document-context :: status=200
{
  "document": {
    "file": {
      "id": "93b3acec59dfc0bfa4da75df429142e3a646f59e6d0bbe3355d22efb831c2edb",
      "filename": "supplier-contract.txt",
      "absolute_path": "/tmp/eai-task-024.Cxsuql/disposable-alpha/supplier-contract.txt",
      "relative_path": "supplier-contract.txt",
      "extension": ".txt",
      "mime_type": "text/plain",
      "size_bytes": 139,
      "created_at": "2026-06-25T23:18:18.683Z",
      "modified_at": "2026-06-25T23:18:18.688Z",
      "content_hash": "6726c9bfe7007f388830c96a41d4630ebe1554493f215f7a6283bddb36540131",
      "index_status": "indexed",
      "index_error_message": null,
      "last_indexed_at": "2026-06-25T23:20:23.409Z",
      "extraction_status": "extracted",
      "extraction_error_message": null,
      "extractor_name": "plain-text",
      "extracted_at": "2026-06-25T23:20:23.494Z",
      "recovery_status": "active",
      "source_reference": {
        "file_id": "93b3acec59dfc0bfa4da75df429142e3a646f59e6d0bbe3355d22efb831c2edb",
        "filename": "supplier-contract.txt",
        "absolute_path": "/tmp/eai-task-024.Cxsuql/disposable-alpha/supplier-contract.txt",
        "relative_path": "supplier-contract.txt",
        "source_type": "local_file",
        "source_label": "supplier-contract.txt"
      }
    },
    "previewText": "EverythingAI disposable QA supplier contract.\nSupplier onboarding checklist.\nBatch approval validation.\nRecovery trash restore validation.",
    "insight": null,
    "source_reference": {
      "file_id": "93b3acec59dfc0bfa4da75df429142e3a646f59e6d0bbe3355d22efb831c2edb",
      "filename": "supplier-contract.txt",
      "absolute_path": "/tmp/eai-task-024.Cxsuql/disposable-alpha/supplier-contract.txt",
      "relative_path": "supplier-contract.txt",
      "source_type": "local_file",
      "source_label": "supplier-contract.txt"
    }
  }
}
:: status :: status=200
{
  "status": {
    "total_files": 3,
    "indexed_files": 3,
    "failed_files": 0,
    "extracted_files": 2,
    "failed_extractions": 0,
    "searchable_files": 3,
    "embedded_files": 0,
    "insight_files": 0,
    "suggestions": 0,
    "last_indexed_at": "2026-06-25T23:20:23.427Z"
  },
  "provider": {
    "chat": "ollama",
    "model": null,
    "configured": false
  }
}
:: wiki-build :: status=200
{
  "generated": 2,
  "replacement_plan": {
    "generated_at": "2026-06-25T23:20:23.769Z",
    "strategy": "selective-replacement",
    "changed_file_count": 3,
    "affected_page_count": 0,
    "preserve_page_count": 7,
    "pages_to_replace": [],
    "pages_preserved": [
      {
        "id": "workspace-overview",
        "title": "Workspace Overview",
        "slug": "workspace-overview",
        "page_type": "system"
      },
      {
        "id": "category-legal-compliance",
        "title": "Legal & Compliance",
        "slug": "category-legal-compliance",
        "page_type": "category"
      },
      {
        "id": "category-projects-planning",
        "title": "Projects & Planning",
        "slug": "category-projects-planning",
        "page_type": "category"
      },
      {
        "id": "topic-legal-compliance-legal",
        "title": "legal",
        "slug": "topic-legal-compliance-legal",
        "page_type": "topic"
      },
      {
        "id": "topic-projects-planning-project",
        "title": "project",
        "slug": "topic-projects-planning-project",
        "page_type": "topic"
      },
      {
        "id": "file-93b3acec59dfc0bfa4da75df429142e3a646f59e6d0bbe3355d22efb831c2edb",
        "title": "supplier-contract.txt",
        "slug": "file-supplier-contract-txt-93b3acec",
        "page_type": "file"
      },
      {
        "id": "file-aa7d93621c477b171a32b9a2aceb94848c09b30ba460fef807081351cd7b9209",
        "title": "project-notes.md",
        "slug": "file-project-notes-md-aa7d9362",
        "page_type": "file"
      }
    ],
    "changed_files": [
      {
        "file_id": "aa7d93621c477b171a32b9a2aceb94848c09b30ba460fef807081351cd7b9209",
        "absolute_path": "/tmp/eai-task-024.Cxsuql/disposable-alpha/project-notes.md",
        "content_hash": "e080748c5de1854c72a6d606aa00ce86264b28e9",
        "content_length": 111,
        "extracted_at": "2026-06-25T23:20:23.497Z"
      },
      {
        "file_id": "93b3acec59dfc0bfa4da75df429142e3a646f59e6d0bbe3355d22efb831c2edb",
        "absolute_path": "/tmp/eai-task-024.Cxsuql/disposable-alpha/supplier-contract.txt",
        "content_hash": "05e87d2f3c3c574ebd910f181e9df1056a17b771",
        "content_length": 138,
        "extracted_at": "2026-06-25T23:20:23.494Z"
      },
      {
        "file_id": "8040e6be320de2eca1a444f7508762cf2433b0ecbee4fa708661243ca49ac0d7",
        "absolute_path": "/tmp/eai-task-024.Cxsuql/disposable-alpha/unsupported.bin",
        "content_hash": "da39a3ee5e6b4b0d3255bfef95601890afd80709",
        "content_length": 0,
        "extracted_at": "2026-06-25T23:20:23.484Z"
      }
    ]
  },
  "rebuild": {
    "id": "62b7f528-7691-4168-8c6b-c8af9116b6ae",
    "mode": "full",
    "status": "completed",
    "input_json": "{\"limit\":50,\"filePageLimit\":25}",
    "summary_json": "{\"generated\":2,\"page_count\":7,\"replacement_strategy\":\"selective-replacement\"}",
    "started_at": "2026-06-25T23:20:23.744Z",
    "completed_at": "2026-06-25T23:20:23.804Z",
    "created_at": "2026-06-25T23:20:23.744Z",
    "error_message": null
  },
  "wiki": {
    "generated_at": "2026-06-25T23:20:23.764Z",
    "page_count": 7,
    "categories": [
      {
        "id": "category-legal-compliance",
        "title": "Legal & Compliance",
        "slug": "category-legal-compliance"
      },
      {
        "id": "category-projects-planning",
        "title": "Projects & Planning",
        "slug": "category-projects-planning"
      }
    ],
    "pages": [
      {
        "id": "workspace-overview",
        "title": "Workspace Overview",
        "slug": "workspace-overview",
        "page_type": "system",
        "category": "Filebase Intelligence",
        "subcategory": "Workspace Summary",
        "summary": "Overview of 3 indexed file(s), focused on source-backed content discovery.",
        "markdown": "# Workspace Overview\n\n> This wiki contains source-backed pages generated from 3 indexed file(s).\n\n## Contents\n\n- [[Knowledge Categories]]\n- [[Document Overview]]\n- [[How to Use This Wiki]]\n- [[Sources]]\n\n## Knowledge Categories\n\n| Category | Documents |\n| --- | --- |\n| Legal & Compliance | 1 document(s) |\n| Projects & Planning | 1 document(s) |\n\n## Document Overview\n\n| Document | Category | Source-backed content | Source |\n| --- | --- | --- | --- |\n| supplier-contract.txt | Legal & Compliance | EverythingAI disposable QA supplier contract. Supplier onboarding checklist. Batch approval validation. Recovery trash restore validation. | [S1:C1] |\n| project-notes.md | Projects & Planning | # Disposable QA Notes | [S2:C1] |\n\n## How to Use This Wiki\n\nOpen a category, then a topic, then a source-backed file page. File pages prioritize extracted document content. Source markers such as **[S1:C3]** connect text back to a specific generated source chunk. Metadata is separated from document body content.\n\n## Sources\n\n- [S1] **supplier-contract.txt** — extracted document content\n- [S2] **project-notes.md** — extracted document content\n\n## Source Locations\n\n- [S1:C1] supplier-contract.txt — chunk 1, lines 1-4\n- [S2:C1] project-notes.md — chunk 1, lines 1-1\n- [S2:C2] project-notes.md — chunk 2, lines 3-4\n\n## Evidence Snippets\n\n### [S1] supplier-contract.txt\n\n> EverythingAI disposable QA supplier contract. Supplier onboarding checklist. Batch approval validation. Recovery trash restore validation.\n### [S2] project-notes.md\n\n> # Disposable QA Notes This folder is for validation only. It mentions supplier intake and progress visibility.",
        "source_file_ids": [
          "93b3acec59dfc0bfa4da75df429142e3a646f59e6d0bbe3355d22efb831c2edb",
          "aa7d93621c477b171a32b9a2aceb94848c09b30ba460fef807081351cd7b9209"
        ],
        "related_topics": [],
        "related_pages": [],
        "sections": [
          {
            "id": "workspace-overview:section:1",
            "section_key": "1-workspace-overview",
            "heading": "Workspace Overview",
            "heading_level": 1,
            "body_markdown": "# Workspace Overview\n\n> This wiki contains source-backed pages generated from 3 indexed file(s).",
            "order_index": 1,
            "content_hash": "7db8caa8640da47998d76deb2fd43feabcf8ac22"
          },
          {
            "id": "workspace-overview:section:2",
            "section_key": "2-contents",
            "heading": "Contents",
            "heading_level": 2,
            "body_markdown": "## Contents\n\n- [[Knowledge Categories]]\n- [[Document Overview]]\n- [[How to Use This Wiki]]\n- [[Sources]]",
            "order_index": 2,
            "content_hash": "5aa47cfbdf0d630f13a7ace25c5704908a1d08e5"
          },
          {
            "id": "workspace-overview:section:3",
            "section_key": "3-knowledge-categories",
            "heading": "Knowledge Categories",
            "heading_level": 2,
            "body_markdown": "## Knowledge Categories\n\n| Category | Documents |\n| --- | --- |\n| Legal & Compliance | 1 document(s) |\n| Projects & Planning | 1 document(s) |",
            "order_index": 3,
            "content_hash": "d7bb79010f38120a715983a6698e7bc1416053f7"
          },
          {
            "id": "workspace-overview:section:4",
            "section_key": "4-document-overview",
            "heading": "Document Overview",
            "heading_level": 2,
            "body_markdown": "## Document Overview\n\n| Document | Category | Source-backed content | Source |\n| --- | --- | --- | --- |\n| supplier-contract.txt | Legal & Compliance | EverythingAI disposable QA supplier contract. Supplier onboarding checklist. Batch approval validation. Recovery trash restore validation. | [S1:C1] |\n| project-notes.md | Projects & Planning | # Disposable QA Notes | [S2:C1] |",
            "order_index": 4,
            "content_hash": "4f40e716e690cbd77e1ca0a3ac7b6d232a9ee3f2"
          },
          {
            "id": "workspace-overview:section:5",
            "section_key": "5-how-to-use-this-wiki",
            "heading": "How to Use This Wiki",
            "heading_level": 2,
            "body_markdown": "## How to Use This Wiki\n\nOpen a category, then a topic, then a source-backed file page. File pages prioritize extracted document content. Source markers such as **[S1:C3]** connect text back to a specific generated source chunk. Metadata is separated from document body content.",
            "order_index": 5,
            "content_hash": "347853809c1bcba4e881e44e1ee95e769770fc0e"
          },
          {
            "id": "workspace-overview:section:6",
            "section_key": "6-sources",
            "heading": "Sources",
            "heading_level": 2,
            "body_markdown": "## Sources\n\n- [S1] **supplier-contract.txt** — extracted document content\n- [S2] **project-notes.md** — extracted document content",
            "order_index": 6,
            "content_hash": "70452b75267cefc9b882c118e5672fc5b85242e8"
          },
          {
            "id": "workspace-overview:section:7",
            "section_key": "7-source-locations",
            "heading": "Source Locations",
            "heading_level": 2,
            "body_markdown": "## Source Locations\n\n- [S1:C1] supplier-contract.txt — chunk 1, lines 1-4\n- [S2:C1] project-notes.md — chunk 1, lines 1-1\n- [S2:C2] project-notes.md — chunk 2, lines 3-4",
            "order_index": 7,
            "content_hash": "af6ca9b84085d70727277357d453cdcfb2bff709"
          },
          {
            "id": "workspace-overview:section:8",
            "section_key": "8-evidence-snippets",
            "heading": "Evidence Snippets",
            "heading_level": 2,
            "body_markdown": "## Evidence Snippets",
            "order_index": 8,
            "content_hash": "9969b6f6b13794dbbe400542299d431322b6730d"
          },
          {
            "id": "workspace-overview:section:9",
            "section_key": "9-s1-supplier-contract-txt",
            "heading": "[S1] supplier-contract.txt",
            "heading_level": 3,
            "body_markdown": "### [S1] supplier-contract.txt\n\n> EverythingAI disposable QA supplier contract. Supplier onboarding checklist. Batch approval validation. Recovery trash restore validation.",
            "order_index": 9,
            "content_hash": "810fa14b5bca6059cfbe31a4f64e191a980b34b4"
          },
          {
            "id": "workspace-overview:section:10",
            "section_key": "10-s2-project-notes-md",
            "heading": "[S2] project-notes.md",
            "heading_level": 3,
            "body_markdown": "### [S2] project-notes.md\n\n> # Disposable QA Notes This folder is for validation only. It mentions supplier intake and progress visibility.",
            "order_index": 10,
            "content_hash": "4d785ab87af8344a0cba34c7380c5dfce1e54f4c"
          }
        ],
        "sources": [
          {
            "id": "workspace-overview:S1",
            "ref": "S1",
            "source_ref": "S1",
            "file_id": "93b3acec59dfc0bfa4da75df429142e3a646f59e6d0bbe3355d22efb831c2edb",
            "filename": "supplier-contract.txt",
            "absolute_path": "/tmp/eai-task-024.Cxsuql/disposable-alpha/supplier-contract.txt",
            "relative_path": null,
            "location": "extracted document content",
            "evidence": "EverythingAI disposable QA supplier contract. Supplier onboarding checklist. Batch approval validation. Recovery trash restore validation.",
            "source_hash": "96a3b5618f6775fd6c8d7f8fa266ed120aec8434",
            "chunks": [
              {
                "id": "workspace-overview:S1:C1",
                "ref": "S1:C1",
                "chunk_ref": "S1:C1",
                "source_ref": "S1",
                "chunk_number": 1,
                "stable_chunk_key": "eb43b623be6cf089cb15a7350cd8452f7509d6a1",
                "line_start": 1,
                "line_end": 4,
                "char_start": null,
                "char_end": 138,
                "page_number": null,
                "location": "chunk 1, lines 1-4",
                "heading": false,
                "text": "EverythingAI disposable QA supplier contract.\nSupplier onboarding checklist.\nBatch approval validation.\nRecovery trash restore validation.",
                "evidence": "EverythingAI disposable QA supplier contract. Supplier onboarding checklist. Batch approval validation. Recovery trash restore validation."
              }
            ]
          },
          {
            "id": "workspace-overview:S2",
            "ref": "S2",
            "source_ref": "S2",
            "file_id": "aa7d93621c477b171a32b9a2aceb94848c09b30ba460fef807081351cd7b9209",
            "filename": "project-notes.md",
            "absolute_path": "/tmp/eai-task-024.Cxsuql/disposable-alpha/project-notes.md",
            "relative_path": null,
            "location": "extracted document content",
            "evidence": "# Disposable QA Notes This folder is for validation only. It mentions supplier intake and progress visibility.",
            "source_hash": "35938a9ac110f29d6d09756803705547cf1652cc",
            "chunks": [
              {
                "id": "workspace-overview:S2:C1",
                "ref": "S2:C1",
                "chunk_ref": "S2:C1",
                "source_ref": "S2",
                "chunk_number": 1,
                "stable_chunk_key": "5f4ec50fdb3b38cd65abec10799c6f50f493a521",
                "line_start": 1,
                "line_end": 1,
                "char_start": null,
                "char_end": 21,
                "page_number": null,
                "location": "chunk 1, lines 1-1",
                "heading": true,
                "text": "# Disposable QA Notes",
                "evidence": "# Disposable QA Notes"
              },
              {
                "id": "workspace-overview:S2:C2",
                "ref": "S2:C2",
                "chunk_ref": "S2:C2",
                "source_ref": "S2",
                "chunk_number": 2,
                "stable_chunk_key": "cbb982434bcc089b051f4efa2220cba20fd52598",
                "line_start": 3,
                "line_end": 4,
                "char_start": 23,
                "char_end": 111,
                "page_number": null,
                "location": "chunk 2, lines 3-4",
                "heading": false,
                "text": "This folder is for validation only.\nIt mentions supplier intake and progress visibility.",
                "evidence": "This folder is for validation only. It mentions supplier intake and progress visibility."
              }
            ]
          }
        ],
        "citation_coverage_score": 1,
        "weak_source_warning": false,
        "content_hash": "3b9588d5a5a2a74862c0ceaea5f9ee61e1668729",
        "source_fingerprint": "1632e2210dbb165977577b96d85f9a501871a0bc",
        "updated_at": "2026-06-25T23:20:23.759Z"
      },
      {
        "id": "category-legal-compliance",
        "title": "Legal & Compliance",
        "slug": "category-legal-compliance",
        "page_type": "category",
        "category": "Legal & Compliance",
        "subcategory": "Category Landing Page",
        "summary": "Category page for 1 related source document(s).",
        "markdown": "# Legal & Compliance\n\n> This category groups 1 related source document(s).\n\n## Contents\n\n- [[Subtopics]]\n- [[Documents in This Category]]\n- [[Related Pages]]\n- [[Sources]]\n\n## Subtopics\n\n| Subtopic | Documents |\n| --- | --- |\n| legal | 1 document(s) |\n\n## Documents in This Category\n\n| Document | Source-backed content | Source |\n| --- | --- | --- |\n| supplier-contract.txt | EverythingAI disposable QA supplier contract. Supplier onboarding checklist. Batch approval validation. Recovery trash restore validation. | [S1:C1] |\n\n## Related Pages\n\n- [[Projects & Planning]]\n\n## Sources\n\n- [S1] **supplier-contract.txt** — extracted document content\n\n## Source Locations\n\n- [S1:C1] supplier-contract.txt — chunk 1, lines 1-4\n\n## Evidence Snippets\n\n### [S1] supplier-contract.txt\n\n> EverythingAI disposable QA supplier contract. Supplier onboarding checklist. Batch approval validation. Recovery trash restore validation.",
        "source_file_ids": [
          "93b3acec59dfc0bfa4da75df429142e3a646f59e6d0bbe3355d22efb831c2edb"
        ],
        "related_topics": [],
        "related_pages": [
          {
            "id": "category-projects-planning",
            "title": "Projects & Planning",
            "slug": "category-projects-planning",
            "relation_type": "semantic",
            "score": null,
            "evidence": []
          }
        ],
        "sections": [
          {
            "id": "category-legal-compliance:section:1",
            "section_key": "1-legal-compliance",
            "heading": "Legal & Compliance",
            "heading_level": 1,
            "body_markdown": "# Legal & Compliance\n\n> This category groups 1 related source document(s).",
            "order_index": 1,
            "content_hash": "23cb794c0b14ac0762ff2be6a81a686a15ae4866"
          },
          {
            "id": "category-legal-compliance:section:2",
            "section_key": "2-contents",
            "heading": "Contents",
            "heading_level": 2,
            "body_markdown": "## Contents\n\n- [[Subtopics]]\n- [[Documents in This Category]]\n- [[Related Pages]]\n- [[Sources]]",
            "order_index": 2,
            "content_hash": "6ee95a7e62c7554a7ae14383edf427969933fc12"
          },
          {
            "id": "category-legal-compliance:section:3",
            "section_key": "3-subtopics",
            "heading": "Subtopics",
            "heading_level": 2,
            "body_markdown": "## Subtopics\n\n| Subtopic | Documents |\n| --- | --- |\n| legal | 1 document(s) |",
            "order_index": 3,
            "content_hash": "d42bf9202de2705b22882428cb95f97e09c0e35c"
          },
          {
            "id": "category-legal-compliance:section:4",
            "section_key": "4-documents-in-this-category",
            "heading": "Documents in This Category",
            "heading_level": 2,
            "body_markdown": "## Documents in This Category\n\n| Document | Source-backed content | Source |\n| --- | --- | --- |\n| supplier-contract.txt | EverythingAI disposable QA supplier contract. Supplier onboarding checklist. Batch approval validation. Recovery trash restore validation. | [S1:C1] |",
            "order_index": 4,
            "content_hash": "79025c637f8dde358dff4efb7a6cbd2c160cd293"
          },
          {
            "id": "category-legal-compliance:section:5",
            "section_key": "5-related-pages",
            "heading": "Related Pages",
            "heading_level": 2,
            "body_markdown": "## Related Pages\n\n- [[Projects & Planning]]",
            "order_index": 5,
            "content_hash": "a1e83ef9d06d88d2f469b9504a86a727e57a292c"
          },
          {
            "id": "category-legal-compliance:section:6",
            "section_key": "6-sources",
            "heading": "Sources",
            "heading_level": 2,
            "body_markdown": "## Sources\n\n- [S1] **supplier-contract.txt** — extracted document content",
            "order_index": 6,
            "content_hash": "b7b50d337bb4349660fa9d89fefeeefc2acc0528"
          },
          {
            "id": "category-legal-compliance:section:7",
            "section_key": "7-source-locations",
            "heading": "Source Locations",
            "heading_level": 2,
            "body_markdown": "## Source Locations\n\n- [S1:C1] supplier-contract.txt — chunk 1, lines 1-4",
            "order_index": 7,
            "content_hash": "0ef1f357dccfca524af2bc4431ad40de2fd9ef43"
          },
          {
            "id": "category-legal-compliance:section:8",
            "section_key": "8-evidence-snippets",
            "heading": "Evidence Snippets",
            "heading_level": 2,
            "body_markdown": "## Evidence Snippets",
            "order_index": 8,
            "content_hash": "9969b6f6b13794dbbe400542299d431322b6730d"
          },
          {
            "id": "category-legal-compliance:section:9",
            "section_key": "9-s1-supplier-contract-txt",
            "heading": "[S1] supplier-contract.txt",
            "heading_level": 3,
            "body_markdown": "### [S1] supplier-contract.txt\n\n> EverythingAI disposable QA supplier contract. Supplier onboarding checklist. Batch approval validation. Recovery trash restore validation.",
            "order_index": 9,
            "content_hash": "810fa14b5bca6059cfbe31a4f64e191a980b34b4"
          }
        ],
        "sources": [
          {
            "id": "category-legal-compliance:S1",
            "ref": "S1",
            "source_ref": "S1",
            "file_id": "93b3acec59dfc0bfa4da75df429142e3a646f59e6d0bbe3355d22efb831c2edb",
            "filename": "supplier-contract.txt",
            "absolute_path": "/tmp/eai-task-024.Cxsuql/disposable-alpha/supplier-contract.txt",
            "relative_path": null,
            "location": "extracted document content",
            "evidence": "EverythingAI disposable QA supplier contract. Supplier onboarding checklist. Batch approval validation. Recovery trash restore validation.",
            "source_hash": "96a3b5618f6775fd6c8d7f8fa266ed120aec8434",
            "chunks": [
              {
                "id": "category-legal-compliance:S1:C1",
                "ref": "S1:C1",
                "chunk_ref": "S1:C1",
                "source_ref": "S1",
                "chunk_number": 1,
                "stable_chunk_key": "eb43b623be6cf089cb15a7350cd8452f7509d6a1",
                "line_start": 1,
                "line_end": 4,
                "char_start": null,
                "char_end": 138,
                "page_number": null,
                "location": "chunk 1, lines 1-4",
                "heading": false,
                "text": "EverythingAI disposable QA supplier contract.\nSupplier onboarding checklist.\nBatch approval validation.\nRecovery trash restore validation.",
                "evidence": "EverythingAI disposable QA supplier contract. Supplier onboarding checklist. Batch approval validation. Recovery trash restore validation."
              }
            ]
          }
        ],
        "citation_coverage_score": 1,
        "weak_source_warning": false,
        "content_hash": "2b4963a3f4d80a059b37c1f39c38ec20bd9dd4c7",
        "source_fingerprint": "0d4a7f2588126588c3840edd1b212ecc306036e1",
        "updated_at": "2026-06-25T23:20:23.760Z"
      },
      {
        "id": "category-projects-planning",
        "title": "Projects & Planning",
        "slug": "category-projects-planning",
        "page_type": "category",
        "category": "Projects & Planning",
        "subcategory": "Category Landing Page",
        "summary": "Category page for 1 related source document(s).",
        "markdown": "# Projects & Planning\n\n> This category groups 1 related source document(s).\n\n## Contents\n\n- [[Subtopics]]\n- [[Documents in This Category]]\n- [[Related Pages]]\n- [[Sources]]\n\n## Subtopics\n\n| Subtopic | Documents |\n| --- | --- |\n| project | 1 document(s) |\n\n## Documents in This Category\n\n| Document | Source-backed content | Source |\n| --- | --- | --- |\n| project-notes.md | # Disposable QA Notes | [S1:C1] |\n\n## Related Pages\n\n- [[Legal & Compliance]]\n\n## Sources\n\n- [S1] **project-notes.md** — extracted document content\n\n## Source Locations\n\n- [S1:C1] project-notes.md — chunk 1, lines 1-1\n- [S1:C2] project-notes.md — chunk 2, lines 3-4\n\n## Evidence Snippets\n\n### [S1] project-notes.md\n\n> # Disposable QA Notes This folder is for validation only. It mentions supplier intake and progress visibility.",
        "source_file_ids": [
          "aa7d93621c477b171a32b9a2aceb94848c09b30ba460fef807081351cd7b9209"
        ],
        "related_topics": [],
        "related_pages": [
          {
            "id": "category-legal-compliance",
            "title": "Legal & Compliance",
            "slug": "category-legal-compliance",
            "relation_type": "semantic",
            "score": null,
            "evidence": []
          }
        ],
        "sections": [
          {
            "id": "category-projects-planning:section:1",
            "section_key": "1-projects-planning",
            "heading": "Projects & Planning",
            "heading_level": 1,
            "body_markdown": "# Projects & Planning\n\n> This category groups 1 related source document(s).",
            "order_index": 1,
            "content_hash": "793b20c3f2417c0de128fcbb97c0eb7fb38b3a52"
          },
          {
            "id": "category-projects-planning:section:2",
            "section_key": "2-contents",
            "heading": "Contents",
            "heading_level": 2,
            "body_markdown": "## Contents\n\n- [[Subtopics]]\n- [[Documents in This Category]]\n- [[Related Pages]]\n- [[Sources]]",
            "order_index": 2,
            "content_hash": "6ee95a7e62c7554a7ae14383edf427969933fc12"
          },
          {
            "id": "category-projects-planning:section:3",
            "section_key": "3-subtopics",
            "heading": "Subtopics",
            "heading_level": 2,
            "body_markdown": "## Subtopics\n\n| Subtopic | Documents |\n| --- | --- |\n| project | 1 document(s) |",
            "order_index": 3,
            "content_hash": "53eded07834ea9c4a03597df4a6f4f6a053894e0"
          },
          {
            "id": "category-projects-planning:section:4",
            "section_key": "4-documents-in-this-category",
            "heading": "Documents in This Category",
            "heading_level": 2,
            "body_markdown": "## Documents in This Category\n\n| Document | Source-backed content | Source |\n| --- | --- | --- |\n| project-notes.md | # Disposable QA Notes | [S1:C1] |",
            "order_index": 4,
            "content_hash": "ee0f499b4c3b913cbbd53ee1c5850af7a8ae26dd"
          },
          {
            "id": "category-projects-planning:section:5",
            "section_key": "5-related-pages",
            "heading": "Related Pages",
            "heading_level": 2,
            "body_markdown": "## Related Pages\n\n- [[Legal & Compliance]]",
            "order_index": 5,
            "content_hash": "bd0c81e911dac4aeefaab1664ca12aa3754bb9b5"
          },
          {
            "id": "category-projects-planning:section:6",
            "section_key": "6-sources",
            "heading": "Sources",
            "heading_level": 2,
            "body_markdown": "## Sources\n\n- [S1] **project-notes.md** — extracted document content",
            "order_index": 6,
            "content_hash": "c6f03e70529ebe07da9c154c026c3e7f8b95ea15"
          },
          {
            "id": "category-projects-planning:section:7",
            "section_key": "7-source-locations",
            "heading": "Source Locations",
            "heading_level": 2,
            "body_markdown": "## Source Locations\n\n- [S1:C1] project-notes.md — chunk 1, lines 1-1\n- [S1:C2] project-notes.md — chunk 2, lines 3-4",
            "order_index": 7,
            "content_hash": "df3241cdf4453657aaa04e494f75f1c15b9a4327"
          },
          {
            "id": "category-projects-planning:section:8",
            "section_key": "8-evidence-snippets",
            "heading": "Evidence Snippets",
            "heading_level": 2,
            "body_markdown": "## Evidence Snippets",
            "order_index": 8,
            "content_hash": "9969b6f6b13794dbbe400542299d431322b6730d"
          },
          {
            "id": "category-projects-planning:section:9",
            "section_key": "9-s1-project-notes-md",
            "heading": "[S1] project-notes.md",
            "heading_level": 3,
            "body_markdown": "### [S1] project-notes.md\n\n> # Disposable QA Notes This folder is for validation only. It mentions supplier intake and progress visibility.",
            "order_index": 9,
            "content_hash": "9dc5c9e6d3cca91e82a38d73a52e0aee85333e8f"
          }
        ],
        "sources": [
          {
            "id": "category-projects-planning:S1",
            "ref": "S1",
            "source_ref": "S1",
            "file_id": "aa7d93621c477b171a32b9a2aceb94848c09b30ba460fef807081351cd7b9209",
            "filename": "project-notes.md",
            "absolute_path": "/tmp/eai-task-024.Cxsuql/disposable-alpha/project-notes.md",
            "relative_path": null,
            "location": "extracted document content",
            "evidence": "# Disposable QA Notes This folder is for validation only. It mentions supplier intake and progress visibility.",
            "source_hash": "04690adae38c57ed2edad3cdda4e199e1632012b",
            "chunks": [
              {
                "id": "category-projects-planning:S1:C1",
                "ref": "S1:C1",
                "chunk_ref": "S1:C1",
                "source_ref": "S1",
                "chunk_number": 1,
                "stable_chunk_key": "64becabd25663ce1afa6b72b660a6b2eb014eb93",
                "line_start": 1,
                "line_end": 1,
                "char_start": null,
                "char_end": 21,
                "page_number": null,
                "location": "chunk 1, lines 1-1",
                "heading": true,
                "text": "# Disposable QA Notes",
                "evidence": "# Disposable QA Notes"
              },
              {
                "id": "category-projects-planning:S1:C2",
                "ref": "S1:C2",
                "chunk_ref": "S1:C2",
                "source_ref": "S1",
                "chunk_number": 2,
                "stable_chunk_key": "7761547e5cd7b7a26d2f9d3f78c9ee94fbb94ae8",
                "line_start": 3,
                "line_end": 4,
                "char_start": 23,
                "char_end": 111,
                "page_number": null,
                "location": "chunk 2, lines 3-4",
                "heading": false,
                "text": "This folder is for validation only.\nIt mentions supplier intake and progress visibility.",
                "evidence": "This folder is for validation only. It mentions supplier intake and progress visibility."
              }
            ]
          }
        ],
        "citation_coverage_score": 1,
        "weak_source_warning": false,
        "content_hash": "7367112a363923df9a042c84731ae08e2a6e9627",
        "source_fingerprint": "9fc2cc26a3ecf9362d70b190a692fa90776b53fb",
        "updated_at": "2026-06-25T23:20:23.760Z"
      },
      {
        "id": "topic-legal-compliance-legal",
        "title": "legal",
        "slug": "topic-legal-compliance-legal",
        "page_type": "topic",
        "category": "Legal & Compliance",
        "subcategory": "legal",
        "summary": "Topic page built from 1 related source-backed document(s).",
        "markdown": "# legal\n\n> This topic combines source-backed content from 1 related document(s) in Legal & Compliance.\n\n## Contents\n\n- [[Topic Overview]]\n- [[Source Content]]\n- [[Source Document Table]]\n- [[Media References]]\n- [[Related Pages]]\n- [[Sources]]\n\n## Topic Overview\n\n| Document | Source-backed content | Source |\n| --- | --- | --- |\n| supplier-contract.txt | EverythingAI disposable QA supplier contract. Supplier onboarding checklist. Batch approval validation. Recovery trash restore validation. | [S1:C1] |\n\n## Source Content\n\n### supplier-contract.txt **[S1]**\n\nEverythingAI disposable QA supplier contract.\nSupplier onboarding checklist.\nBatch approval validation.\nRecovery trash restore validation. **[S1:C1]**\n\n## Source Document Table\n\n| Ref | Document | Location |\n| --- | --- | --- |\n| S1 | supplier-contract.txt | chunk 1, lines 1-4 |\n\n\n## Related Pages\n\n- [[Legal & Compliance]]\n\n## Sources\n\n- [S1] **supplier-contract.txt** — extracted document content\n\n## Source Locations\n\n- [S1:C1] supplier-contract.txt — chunk 1, lines 1-4\n\n## Evidence Snippets\n\n### [S1] supplier-contract.txt\n\n> EverythingAI disposable QA supplier contract. Supplier onboarding checklist. Batch approval validation. Recovery trash restore validation.",
        "source_file_ids": [
          "93b3acec59dfc0bfa4da75df429142e3a646f59e6d0bbe3355d22efb831c2edb"
        ],
        "related_topics": [],
        "related_pages": [
          {
            "id": "category-legal-compliance",
            "title": "Legal & Compliance",
            "slug": "category-legal-compliance",
            "relation_type": "semantic",
            "score": null,
            "evidence": []
          }
        ],
        "sections": [
          {
            "id": "topic-legal-compliance-legal:section:1",
            "section_key": "1-legal",
            "heading": "legal",
            "heading_level": 1,
            "body_markdown": "# legal\n\n> This topic combines source-backed content from 1 related document(s) in Legal & Compliance.",
            "order_index": 1,
            "content_hash": "a3fe0ac8b4a11437ca409649aa82a5443acca799"
          },
          {
            "id": "topic-legal-compliance-legal:section:2",
            "section_key": "2-contents",
            "heading": "Contents",
            "heading_level": 2,
            "body_markdown": "## Contents\n\n- [[Topic Overview]]\n- [[Source Content]]\n- [[Source Document Table]]\n- [[Media References]]\n- [[Related Pages]]\n- [[Sources]]",
            "order_index": 2,
            "content_hash": "b5f76a2b0a875e8c771d2fa0166ab1ce3055a3f4"
          },
          {
            "id": "topic-legal-compliance-legal:section:3",
            "section_key": "3-topic-overview",
            "heading": "Topic Overview",
            "heading_level": 2,
            "body_markdown": "## Topic Overview\n\n| Document | Source-backed content | Source |\n| --- | --- | --- |\n| supplier-contract.txt | EverythingAI disposable QA supplier contract. Supplier onboarding checklist. Batch approval validation. Recovery trash restore validation. | [S1:C1] |",
            "order_index": 3,
            "content_hash": "19147f195604db31d9140895060becb1c5648f36"
          },
          {
            "id": "topic-legal-compliance-legal:section:4",
            "section_key": "4-source-content",
            "heading": "Source Content",
            "heading_level": 2,
            "body_markdown": "## Source Content",
            "order_index": 4,
            "content_hash": "e667e959e59e5b74759817bb3ac30a62aee80e18"
          },
          {
            "id": "topic-legal-compliance-legal:section:5",
            "section_key": "5-supplier-contract-txt",
            "heading": "supplier-contract.txt",
            "heading_level": 3,
            "body_markdown": "### supplier-contract.txt **[S1]**\n\nEverythingAI disposable QA supplier contract.\nSupplier onboarding checklist.\nBatch approval validation.\nRecovery trash restore validation. **[S1:C1]**",
            "order_index": 5,
            "content_hash": "1d81d2952aafb087eb3d1bb950fdcb9e0e9d3c3a"
          },
          {
            "id": "topic-legal-compliance-legal:section:6",
            "section_key": "6-source-document-table",
            "heading": "Source Document Table",
            "heading_level": 2,
            "body_markdown": "## Source Document Table\n\n| Ref | Document | Location |\n| --- | --- | --- |\n| S1 | supplier-contract.txt | chunk 1, lines 1-4 |",
            "order_index": 6,
            "content_hash": "307e57c662116f692a4f396e7f3e3f369e2de23a"
          },
          {
            "id": "topic-legal-compliance-legal:section:7",
            "section_key": "7-related-pages",
            "heading": "Related Pages",
            "heading_level": 2,
            "body_markdown": "## Related Pages\n\n- [[Legal & Compliance]]",
            "order_index": 7,
            "content_hash": "bd0c81e911dac4aeefaab1664ca12aa3754bb9b5"
          },
          {
            "id": "topic-legal-compliance-legal:section:8",
            "section_key": "8-sources",
            "heading": "Sources",
            "heading_level": 2,
            "body_markdown": "## Sources\n\n- [S1] **supplier-contract.txt** — extracted document content",
            "order_index": 8,
            "content_hash": "b7b50d337bb4349660fa9d89fefeeefc2acc0528"
          },
          {
            "id": "topic-legal-compliance-legal:section:9",
            "section_key": "9-source-locations",
            "heading": "Source Locations",
            "heading_level": 2,
            "body_markdown": "## Source Locations\n\n- [S1:C1] supplier-contract.txt — chunk 1, lines 1-4",
            "order_index": 9,
            "content_hash": "0ef1f357dccfca524af2bc4431ad40de2fd9ef43"
          },
          {
            "id": "topic-legal-compliance-legal:section:10",
            "section_key": "10-evidence-snippets",
            "heading": "Evidence Snippets",
            "heading_level": 2,
            "body_markdown": "## Evidence Snippets",
            "order_index": 10,
            "content_hash": "9969b6f6b13794dbbe400542299d431322b6730d"
          },
          {
            "id": "topic-legal-compliance-legal:section:11",
            "section_key": "11-s1-supplier-contract-txt",
            "heading": "[S1] supplier-contract.txt",
            "heading_level": 3,
            "body_markdown": "### [S1] supplier-contract.txt\n\n> EverythingAI disposable QA supplier contract. Supplier onboarding checklist. Batch approval validation. Recovery trash restore validation.",
            "order_index": 11,
            "content_hash": "810fa14b5bca6059cfbe31a4f64e191a980b34b4"
          }
        ],
        "sources": [
          {
            "id": "topic-legal-compliance-legal:S1",
            "ref": "S1",
            "source_ref": "S1",
            "file_id": "93b3acec59dfc0bfa4da75df429142e3a646f59e6d0bbe3355d22efb831c2edb",
            "filename": "supplier-contract.txt",
            "absolute_path": "/tmp/eai-task-024.Cxsuql/disposable-alpha/supplier-contract.txt",
            "relative_path": null,
            "location": "extracted document content",
            "evidence": "EverythingAI disposable QA supplier contract. Supplier onboarding checklist. Batch approval validation. Recovery trash restore validation.",
            "source_hash": "96a3b5618f6775fd6c8d7f8fa266ed120aec8434",
            "chunks": [
              {
                "id": "topic-legal-compliance-legal:S1:C1",
                "ref": "S1:C1",
                "chunk_ref": "S1:C1",
                "source_ref": "S1",
                "chunk_number": 1,
                "stable_chunk_key": "eb43b623be6cf089cb15a7350cd8452f7509d6a1",
                "line_start": 1,
                "line_end": 4,
                "char_start": null,
                "char_end": 138,
                "page_number": null,
                "location": "chunk 1, lines 1-4",
                "heading": false,
                "text": "EverythingAI disposable QA supplier contract.\nSupplier onboarding checklist.\nBatch approval validation.\nRecovery trash restore validation.",
                "evidence": "EverythingAI disposable QA supplier contract. Supplier onboarding checklist. Batch approval validation. Recovery trash restore validation."
              }
            ]
          }
        ],
        "citation_coverage_score": 1,
        "weak_source_warning": false,
        "content_hash": "cd6a72cea4be3531d7c0a7dac91bc10abb42cb50",
        "source_fingerprint": "0d4a7f2588126588c3840edd1b212ecc306036e1",
        "updated_at": "2026-06-25T23:20:23.762Z"
      },
      {
        "id": "topic-projects-planning-project",
        "title": "project",
        "slug": "topic-projects-planning-project",
        "page_type": "topic",
        "category": "Projects & Planning",
        "subcategory": "project",
        "summary": "Topic page built from 1 related source-backed document(s).",
        "markdown": "# project\n\n> This topic combines source-backed content from 1 related document(s) in Projects & Planning.\n\n## Contents\n\n- [[Topic Overview]]\n- [[Source Content]]\n- [[Source Document Table]]\n- [[Media References]]\n- [[Related Pages]]\n- [[Sources]]\n\n## Topic Overview\n\n| Document | Source-backed content | Source |\n| --- | --- | --- |\n| project-notes.md | # Disposable QA Notes | [S1:C1] |\n\n## Source Content\n\n### project-notes.md **[S1]**\n\n# Disposable QA Notes **[S1:C1]**\n\nThis folder is for validation only.\nIt mentions supplier intake and progress visibility. **[S1:C2]**\n\n## Source Document Table\n\n| Ref | Document | Location |\n| --- | --- | --- |\n| S1 | project-notes.md | chunk 1, lines 1-1 |\n\n\n## Related Pages\n\n- [[Projects & Planning]]\n\n## Sources\n\n- [S1] **project-notes.md** — extracted document content\n\n## Source Locations\n\n- [S1:C1] project-notes.md — chunk 1, lines 1-1\n- [S1:C2] project-notes.md — chunk 2, lines 3-4\n\n## Evidence Snippets\n\n### [S1] project-notes.md\n\n> # Disposable QA Notes This folder is for validation only. It mentions supplier intake and progress visibility.",
        "source_file_ids": [
          "aa7d93621c477b171a32b9a2aceb94848c09b30ba460fef807081351cd7b9209"
        ],
        "related_topics": [],
        "related_pages": [
          {
            "id": "category-projects-planning",
            "title": "Projects & Planning",
            "slug": "category-projects-planning",
            "relation_type": "semantic",
            "score": null,
            "evidence": []
          }
        ],
        "sections": [
          {
            "id": "topic-projects-planning-project:section:1",
            "section_key": "1-project",
            "heading": "project",
            "heading_level": 1,
            "body_markdown": "# project\n\n> This topic combines source-backed content from 1 related document(s) in Projects & Planning.",
            "order_index": 1,
            "content_hash": "fc02d357fa7bb0a2b253a14a061b523d6eb3c4f8"
          },
          {
            "id": "topic-projects-planning-project:section:2",
            "section_key": "2-contents",
            "heading": "Contents",
            "heading_level": 2,
            "body_markdown": "## Contents\n\n- [[Topic Overview]]\n- [[Source Content]]\n- [[Source Document Table]]\n- [[Media References]]\n- [[Related Pages]]\n- [[Sources]]",
            "order_index": 2,
            "content_hash": "b5f76a2b0a875e8c771d2fa0166ab1ce3055a3f4"
          },
          {
            "id": "topic-projects-planning-project:section:3",
            "section_key": "3-topic-overview",
            "heading": "Topic Overview",
            "heading_level": 2,
            "body_markdown": "## Topic Overview\n\n| Document | Source-backed content | Source |\n| --- | --- | --- |\n| project-notes.md | # Disposable QA Notes | [S1:C1] |",
            "order_index": 3,
            "content_hash": "9364260a014711252a1033c2ea107e29cf1a7e7b"
          },
          {
            "id": "topic-projects-planning-project:section:4",
            "section_key": "4-source-content",
            "heading": "Source Content",
            "heading_level": 2,
            "body_markdown": "## Source Content",
            "order_index": 4,
            "content_hash": "e667e959e59e5b74759817bb3ac30a62aee80e18"
          },
          {
            "id": "topic-projects-planning-project:section:5",
            "section_key": "5-project-notes-md",
            "heading": "project-notes.md",
            "heading_level": 3,
            "body_markdown": "### project-notes.md **[S1]**",
            "order_index": 5,
            "content_hash": "a0b6844f52f852948f8de5e59b60558df9f9cba5"
          },
          {
            "id": "topic-projects-planning-project:section:6",
            "section_key": "6-disposable-qa-notes",
            "heading": "Disposable QA Notes",
            "heading_level": 1,
            "body_markdown": "# Disposable QA Notes **[S1:C1]**\n\nThis folder is for validation only.\nIt mentions supplier intake and progress visibility. **[S1:C2]**",
            "order_index": 6,
            "content_hash": "0b38d0c1f2191eb666128cdfcaec40f025f621b9"
          },
          {
            "id": "topic-projects-planning-project:section:7",
            "section_key": "7-source-document-table",
            "heading": "Source Document Table",
            "heading_level": 2,
            "body_markdown": "## Source Document Table\n\n| Ref | Document | Location |\n| --- | --- | --- |\n| S1 | project-notes.md | chunk 1, lines 1-1 |",
            "order_index": 7,
            "content_hash": "2eb357ea0a3b7649d8d9c926957e2731641b4963"
          },
          {
            "id": "topic-projects-planning-project:section:8",
            "section_key": "8-related-pages",
            "heading": "Related Pages",
            "heading_level": 2,
            "body_markdown": "## Related Pages\n\n- [[Projects & Planning]]",
            "order_index": 8,
            "content_hash": "a1e83ef9d06d88d2f469b9504a86a727e57a292c"
          },
          {
            "id": "topic-projects-planning-project:section:9",
            "section_key": "9-sources",
            "heading": "Sources",
            "heading_level": 2,
            "body_markdown": "## Sources\n\n- [S1] **project-notes.md** — extracted document content",
            "order_index": 9,
            "content_hash": "c6f03e70529ebe07da9c154c026c3e7f8b95ea15"
          },
          {
            "id": "topic-projects-planning-project:section:10",
            "section_key": "10-source-locations",
            "heading": "Source Locations",
            "heading_level": 2,
            "body_markdown": "## Source Locations\n\n- [S1:C1] project-notes.md — chunk 1, lines 1-1\n- [S1:C2] project-notes.md — chunk 2, lines 3-4",
            "order_index": 10,
            "content_hash": "df3241cdf4453657aaa04e494f75f1c15b9a4327"
          },
          {
            "id": "topic-projects-planning-project:section:11",
            "section_key": "11-evidence-snippets",
            "heading": "Evidence Snippets",
            "heading_level": 2,
            "body_markdown": "## Evidence Snippets",
            "order_index": 11,
            "content_hash": "9969b6f6b13794dbbe400542299d431322b6730d"
          },
          {
            "id": "topic-projects-planning-project:section:12",
            "section_key": "12-s1-project-notes-md",
            "heading": "[S1] project-notes.md",
            "heading_level": 3,
            "body_markdown": "### [S1] project-notes.md\n\n> # Disposable QA Notes This folder is for validation only. It mentions supplier intake and progress visibility.",
            "order_index": 12,
            "content_hash": "9dc5c9e6d3cca91e82a38d73a52e0aee85333e8f"
          }
        ],
        "sources": [
          {
            "id": "topic-projects-planning-project:S1",
            "ref": "S1",
            "source_ref": "S1",
            "file_id": "aa7d93621c477b171a32b9a2aceb94848c09b30ba460fef807081351cd7b9209",
            "filename": "project-notes.md",
            "absolute_path": "/tmp/eai-task-024.Cxsuql/disposable-alpha/project-notes.md",
            "relative_path": null,
            "location": "extracted document content",
            "evidence": "# Disposable QA Notes This folder is for validation only. It mentions supplier intake and progress visibility.",
            "source_hash": "04690adae38c57ed2edad3cdda4e199e1632012b",
            "chunks": [
              {
                "id": "topic-projects-planning-project:S1:C1",
                "ref": "S1:C1",
                "chunk_ref": "S1:C1",
                "source_ref": "S1",
                "chunk_number": 1,
                "stable_chunk_key": "64becabd25663ce1afa6b72b660a6b2eb014eb93",
                "line_start": 1,
                "line_end": 1,
                "char_start": null,
                "char_end": 21,
                "page_number": null,
                "location": "chunk 1, lines 1-1",
                "heading": true,
                "text": "# Disposable QA Notes",
                "evidence": "# Disposable QA Notes"
              },
              {
                "id": "topic-projects-planning-project:S1:C2",
                "ref": "S1:C2",
                "chunk_ref": "S1:C2",
                "source_ref": "S1",
                "chunk_number": 2,
                "stable_chunk_key": "7761547e5cd7b7a26d2f9d3f78c9ee94fbb94ae8",
                "line_start": 3,
                "line_end": 4,
                "char_start": 23,
                "char_end": 111,
                "page_number": null,
                "location": "chunk 2, lines 3-4",
                "heading": false,
                "text": "This folder is for validation only.\nIt mentions supplier intake and progress visibility.",
                "evidence": "This folder is for validation only. It mentions supplier intake and progress visibility."
              }
            ]
          }
        ],
        "citation_coverage_score": 1,
        "weak_source_warning": false,
        "content_hash": "4a508a473d6a318dbc353176472493ef4f4a0c9f",
        "source_fingerprint": "9fc2cc26a3ecf9362d70b190a692fa90776b53fb",
        "updated_at": "2026-06-25T23:20:23.762Z"
      },
      {
        "id": "file-aa7d93621c477b171a32b9a2aceb94848c09b30ba460fef807081351cd7b9209",
        "title": "project-notes.md",
        "slug": "file-project-notes-md-aa7d9362",
        "page_type": "file",
        "category": "Projects & Planning",
        "subcategory": "project",
        "summary": "# Disposable QA Notes",
        "markdown": "# project-notes.md\n\n> # Disposable QA Notes\n\n## Contents\n\n- [[Document Content]]\n- [[About This Document]]\n- [[Extracted Entities]]\n- [[Related Pages]]\n- [[Sources]]\n\n## Document Content\n\n# Disposable QA Notes **[S1:C1]**\n\nThis folder is for validation only.\nIt mentions supplier intake and progress visibility. **[S1:C2]**\n\n## About This Document\n\n| Field | Value |\n| --- | --- |\n| Category | Projects & Planning |\n| Subcategory | project |\n| AI classification | project |\n| Content control | source-backed extracted content |\n| Generated | 2026-06-25T23:20:23.745Z |\n\n## Extracted Entities\n\n| Entity group | Value |\n| --- | --- |\n| names | Disposable |\n| names | Notes  This |\n| names | It |\n\n## Related Pages\n\n- [[Projects & Planning]]\n- [[project]]\n\n## Sources\n\n- [S1] **project-notes.md** — extracted document content\n\n## Source Locations\n\n- [S1:C1] project-notes.md — chunk 1, lines 1-1\n- [S1:C2] project-notes.md — chunk 2, lines 3-4\n\n## Evidence Snippets\n\n### [S1] project-notes.md\n\n> # Disposable QA Notes This folder is for validation only. It mentions supplier intake and progress visibility.",
        "source_file_ids": [
          "aa7d93621c477b171a32b9a2aceb94848c09b30ba460fef807081351cd7b9209"
        ],
        "related_topics": [],
        "related_pages": [
          {
            "id": "category-projects-planning",
            "title": "Projects & Planning",
            "slug": "category-projects-planning",
            "relation_type": "semantic",
            "score": null,
            "evidence": []
          },
          {
            "id": "topic-projects-planning-project",
            "title": "project",
            "slug": "topic-projects-planning-project",
            "relation_type": "semantic",
            "score": null,
            "evidence": []
          }
        ],
        "sections": [
          {
            "id": "file-aa7d93621c477b171a32b9a2aceb94848c09b30ba460fef807081351cd7b9209:section:1",
            "section_key": "1-project-notes-md",
            "heading": "project-notes.md",
            "heading_level": 1,
            "body_markdown": "# project-notes.md\n\n> # Disposable QA Notes",
            "order_index": 1,
            "content_hash": "a4a26313c7fb0361738cdc61dedf70be9480f1f0"
          },
          {
            "id": "file-aa7d93621c477b171a32b9a2aceb94848c09b30ba460fef807081351cd7b9209:section:2",
            "section_key": "2-contents",
            "heading": "Contents",
            "heading_level": 2,
            "body_markdown": "## Contents\n\n- [[Document Content]]\n- [[About This Document]]\n- [[Extracted Entities]]\n- [[Related Pages]]\n- [[Sources]]",
            "order_index": 2,
            "content_hash": "dbe6d10a407b0a38aebcd09ec5721b9f7f05c10a"
          },
          {
            "id": "file-aa7d93621c477b171a32b9a2aceb94848c09b30ba460fef807081351cd7b9209:section:3",
            "section_key": "3-document-content",
            "heading": "Document Content",
            "heading_level": 2,
            "body_markdown": "## Document Content",
            "order_index": 3,
            "content_hash": "d672796e7ff928e5f94be322b52288bc754bed0b"
          },
          {
            "id": "file-aa7d93621c477b171a32b9a2aceb94848c09b30ba460fef807081351cd7b9209:section:4",
            "section_key": "4-disposable-qa-notes",
            "heading": "Disposable QA Notes",
            "heading_level": 1,
            "body_markdown": "# Disposable QA Notes **[S1:C1]**\n\nThis folder is for validation only.\nIt mentions supplier intake and progress visibility. **[S1:C2]**",
            "order_index": 4,
            "content_hash": "0b38d0c1f2191eb666128cdfcaec40f025f621b9"
          },
          {
            "id": "file-aa7d93621c477b171a32b9a2aceb94848c09b30ba460fef807081351cd7b9209:section:5",
            "section_key": "5-about-this-document",
            "heading": "About This Document",
            "heading_level": 2,
            "body_markdown": "## About This Document\n\n| Field | Value |\n| --- | --- |\n| Category | Projects & Planning |\n| Subcategory | project |\n| AI classification | project |\n| Content control | source-backed extracted content |\n| Generated | 2026-06-25T23:20:23.745Z |",
            "order_index": 5,
            "content_hash": "0c60a065a6afa3c999898d9653372485deca81e8"
          },
          {
            "id": "file-aa7d93621c477b171a32b9a2aceb94848c09b30ba460fef807081351cd7b9209:section:6",
            "section_key": "6-extracted-entities",
            "heading": "Extracted Entities",
            "heading_level": 2,
            "body_markdown": "## Extracted Entities\n\n| Entity group | Value |\n| --- | --- |\n| names | Disposable |\n| names | Notes  This |\n| names | It |",
            "order_index": 6,
            "content_hash": "b8e590be9a063af5334da3ab46c91a329d198a8c"
          },
          {
            "id": "file-aa7d93621c477b171a32b9a2aceb94848c09b30ba460fef807081351cd7b9209:section:7",
            "section_key": "7-related-pages",
            "heading": "Related Pages",
            "heading_level": 2,
            "body_markdown": "## Related Pages\n\n- [[Projects & Planning]]\n- [[project]]",
            "order_index": 7,
            "content_hash": "bcbfd9b1a51ea589b538c50c52134a1e31f6b21f"
          },
          {
            "id": "file-aa7d93621c477b171a32b9a2aceb94848c09b30ba460fef807081351cd7b9209:section:8",
            "section_key": "8-sources",
            "heading": "Sources",
            "heading_level": 2,
            "body_markdown": "## Sources\n\n- [S1] **project-notes.md** — extracted document content",
            "order_index": 8,
            "content_hash": "c6f03e70529ebe07da9c154c026c3e7f8b95ea15"
          },
          {
            "id": "file-aa7d93621c477b171a32b9a2aceb94848c09b30ba460fef807081351cd7b9209:section:9",
            "section_key": "9-source-locations",
            "heading": "Source Locations",
            "heading_level": 2,
            "body_markdown": "## Source Locations\n\n- [S1:C1] project-notes.md — chunk 1, lines 1-1\n- [S1:C2] project-notes.md — chunk 2, lines 3-4",
            "order_index": 9,
            "content_hash": "df3241cdf4453657aaa04e494f75f1c15b9a4327"
          },
          {
            "id": "file-aa7d93621c477b171a32b9a2aceb94848c09b30ba460fef807081351cd7b9209:section:10",
            "section_key": "10-evidence-snippets",
            "heading": "Evidence Snippets",
            "heading_level": 2,
            "body_markdown": "## Evidence Snippets",
            "order_index": 10,
            "content_hash": "9969b6f6b13794dbbe400542299d431322b6730d"
          },
          {
            "id": "file-aa7d93621c477b171a32b9a2aceb94848c09b30ba460fef807081351cd7b9209:section:11",
            "section_key": "11-s1-project-notes-md",
            "heading": "[S1] project-notes.md",
            "heading_level": 3,
            "body_markdown": "### [S1] project-notes.md\n\n> # Disposable QA Notes This folder is for validation only. It mentions supplier intake and progress visibility.",
            "order_index": 11,
            "content_hash": "9dc5c9e6d3cca91e82a38d73a52e0aee85333e8f"
          }
        ],
        "sources": [
          {
            "id": "file-aa7d93621c477b171a32b9a2aceb94848c09b30ba460fef807081351cd7b9209:S1",
            "ref": "S1",
            "source_ref": "S1",
            "file_id": "aa7d93621c477b171a32b9a2aceb94848c09b30ba460fef807081351cd7b9209",
            "filename": "project-notes.md",
            "absolute_path": "/tmp/eai-task-024.Cxsuql/disposable-alpha/project-notes.md",
            "relative_path": null,
            "location": "extracted document content",
            "evidence": "# Disposable QA Notes This folder is for validation only. It mentions supplier intake and progress visibility.",
            "source_hash": "04690adae38c57ed2edad3cdda4e199e1632012b",
            "chunks": [
              {
                "id": "file-aa7d93621c477b171a32b9a2aceb94848c09b30ba460fef807081351cd7b9209:S1:C1",
                "ref": "S1:C1",
                "chunk_ref": "S1:C1",
                "source_ref": "S1",
                "chunk_number": 1,
                "stable_chunk_key": "64becabd25663ce1afa6b72b660a6b2eb014eb93",
                "line_start": 1,
                "line_end": 1,
                "char_start": null,
                "char_end": 21,
                "page_number": null,
                "location": "chunk 1, lines 1-1",
                "heading": true,
                "text": "# Disposable QA Notes",
                "evidence": "# Disposable QA Notes"
              },
              {
                "id": "file-aa7d93621c477b171a32b9a2aceb94848c09b30ba460fef807081351cd7b9209:S1:C2",
                "ref": "S1:C2",
                "chunk_ref": "S1:C2",
                "source_ref": "S1",
                "chunk_number": 2,
                "stable_chunk_key": "7761547e5cd7b7a26d2f9d3f78c9ee94fbb94ae8",
                "line_start": 3,
                "line_end": 4,
                "char_start": 23,
                "char_end": 111,
                "page_number": null,
                "location": "chunk 2, lines 3-4",
                "heading": false,
                "text": "This folder is for validation only.\nIt mentions supplier intake and progress visibility.",
                "evidence": "This folder is for validation only. It mentions supplier intake and progress visibility."
              }
            ]
          }
        ],
        "citation_coverage_score": 1,
        "weak_source_warning": false,
        "content_hash": "9f4ecc8d5a153db50c0f2e49d7aef0b2637f3792",
        "source_fingerprint": "9fc2cc26a3ecf9362d70b190a692fa90776b53fb",
        "updated_at": "2026-06-25T23:20:23.745Z"
      },
      {
        "id": "file-93b3acec59dfc0bfa4da75df429142e3a646f59e6d0bbe3355d22efb831c2edb",
        "title": "supplier-contract.txt",
        "slug": "file-supplier-contract-txt-93b3acec",
        "page_type": "file",
        "category": "Legal & Compliance",
        "subcategory": "legal",
        "summary": "EverythingAI disposable QA supplier contract. Supplier onboarding checklist. Batch approval validation. Recovery trash restore validation.",
        "markdown": "# supplier-contract.txt\n\n> EverythingAI disposable QA supplier contract. Supplier onboarding checklist. Batch approval validation. Recovery trash restore validation.\n\n## Contents\n\n- [[Document Content]]\n- [[About This Document]]\n- [[Extracted Entities]]\n- [[Related Pages]]\n- [[Sources]]\n\n## Document Content\n\nEverythingAI disposable QA supplier contract.\nSupplier onboarding checklist.\nBatch approval validation.\nRecovery trash restore validation. **[S1:C1]**\n\n## About This Document\n\n| Field | Value |\n| --- | --- |\n| Category | Legal & Compliance |\n| Subcategory | legal |\n| AI classification | legal |\n| Content control | source-backed extracted content |\n| Generated | 2026-06-25T23:20:23.753Z |\n\n## Extracted Entities\n\n| Entity group | Value |\n| --- | --- |\n| names | Supplier |\n| names | Batch |\n| names | Recovery |\n\n## Related Pages\n\n- [[Legal & Compliance]]\n- [[legal]]\n\n## Sources\n\n- [S1] **supplier-contract.txt** — extracted document content\n\n## Source Locations\n\n- [S1:C1] supplier-contract.txt — chunk 1, lines 1-4\n\n## Evidence Snippets\n\n### [S1] supplier-contract.txt\n\n> EverythingAI disposable QA supplier contract. Supplier onboarding checklist. Batch approval validation. Recovery trash restore validation.",
        "source_file_ids": [
          "93b3acec59dfc0bfa4da75df429142e3a646f59e6d0bbe3355d22efb831c2edb"
        ],
        "related_topics": [],
        "related_pages": [
          {
            "id": "category-legal-compliance",
            "title": "Legal & Compliance",
            "slug": "category-legal-compliance",
            "relation_type": "semantic",
            "score": null,
            "evidence": []
          },
          {
            "id": "topic-legal-compliance-legal",
            "title": "legal",
            "slug": "topic-legal-compliance-legal",
            "relation_type": "semantic",
            "score": null,
            "evidence": []
          }
        ],
        "sections": [
          {
            "id": "file-93b3acec59dfc0bfa4da75df429142e3a646f59e6d0bbe3355d22efb831c2edb:section:1",
            "section_key": "1-supplier-contract-txt",
            "heading": "supplier-contract.txt",
            "heading_level": 1,
            "body_markdown": "# supplier-contract.txt\n\n> EverythingAI disposable QA supplier contract. Supplier onboarding checklist. Batch approval validation. Recovery trash restore validation.",
            "order_index": 1,
            "content_hash": "81636ea1bb49e9d1341f7c17ab29cb1cbcaf690c"
          },
          {
            "id": "file-93b3acec59dfc0bfa4da75df429142e3a646f59e6d0bbe3355d22efb831c2edb:section:2",
            "section_key": "2-contents",
            "heading": "Contents",
            "heading_level": 2,
            "body_markdown": "## Contents\n\n- [[Document Content]]\n- [[About This Document]]\n- [[Extracted Entities]]\n- [[Related Pages]]\n- [[Sources]]",
            "order_index": 2,
            "content_hash": "dbe6d10a407b0a38aebcd09ec5721b9f7f05c10a"
          },
          {
            "id": "file-93b3acec59dfc0bfa4da75df429142e3a646f59e6d0bbe3355d22efb831c2edb:section:3",
            "section_key": "3-document-content",
            "heading": "Document Content",
            "heading_level": 2,
            "body_markdown": "## Document Content\n\nEverythingAI disposable QA supplier contract.\nSupplier onboarding checklist.\nBatch approval validation.\nRecovery trash restore validation. **[S1:C1]**",
            "order_index": 3,
            "content_hash": "ca45b1aa84cdf96b07cfe00e3dfcf20381180403"
          },
          {
            "id": "file-93b3acec59dfc0bfa4da75df429142e3a646f59e6d0bbe3355d22efb831c2edb:section:4",
            "section_key": "4-about-this-document",
            "heading": "About This Document",
            "heading_level": 2,
            "body_markdown": "## About This Document\n\n| Field | Value |\n| --- | --- |\n| Category | Legal & Compliance |\n| Subcategory | legal |\n| AI classification | legal |\n| Content control | source-backed extracted content |\n| Generated | 2026-06-25T23:20:23.753Z |",
            "order_index": 4,
            "content_hash": "242d50947f63bf6fc3f12f2fe897646c4b985f81"
          },
          {
            "id": "file-93b3acec59dfc0bfa4da75df429142e3a646f59e6d0bbe3355d22efb831c2edb:section:5",
            "section_key": "5-extracted-entities",
            "heading": "Extracted Entities",
            "heading_level": 2,
            "body_markdown": "## Extracted Entities\n\n| Entity group | Value |\n| --- | --- |\n| names | Supplier |\n| names | Batch |\n| names | Recovery |",
            "order_index": 5,
            "content_hash": "713f2ac4a488fc96ccb3dd630f28c7879ac9ab30"
          },
          {
            "id": "file-93b3acec59dfc0bfa4da75df429142e3a646f59e6d0bbe3355d22efb831c2edb:section:6",
            "section_key": "6-related-pages",
            "heading": "Related Pages",
            "heading_level": 2,
            "body_markdown": "## Related Pages\n\n- [[Legal & Compliance]]\n- [[legal]]",
            "order_index": 6,
            "content_hash": "13d565a992fa8435fdeb06d44cd22336f0c4f3b2"
          },
          {
            "id": "file-93b3acec59dfc0bfa4da75df429142e3a646f59e6d0bbe3355d22efb831c2edb:section:7",
            "section_key": "7-sources",
            "heading": "Sources",
            "heading_level": 2,
            "body_markdown": "## Sources\n\n- [S1] **supplier-contract.txt** — extracted document content",
            "order_index": 7,
            "content_hash": "b7b50d337bb4349660fa9d89fefeeefc2acc0528"
          },
          {
            "id": "file-93b3acec59dfc0bfa4da75df429142e3a646f59e6d0bbe3355d22efb831c2edb:section:8",
            "section_key": "8-source-locations",
            "heading": "Source Locations",
            "heading_level": 2,
            "body_markdown": "## Source Locations\n\n- [S1:C1] supplier-contract.txt — chunk 1, lines 1-4",
            "order_index": 8,
            "content_hash": "0ef1f357dccfca524af2bc4431ad40de2fd9ef43"
          },
          {
            "id": "file-93b3acec59dfc0bfa4da75df429142e3a646f59e6d0bbe3355d22efb831c2edb:section:9",
            "section_key": "9-evidence-snippets",
            "heading": "Evidence Snippets",
            "heading_level": 2,
            "body_markdown": "## Evidence Snippets",
            "order_index": 9,
            "content_hash": "9969b6f6b13794dbbe400542299d431322b6730d"
          },
          {
            "id": "file-93b3acec59dfc0bfa4da75df429142e3a646f59e6d0bbe3355d22efb831c2edb:section:10",
            "section_key": "10-s1-supplier-contract-txt",
            "heading": "[S1] supplier-contract.txt",
            "heading_level": 3,
            "body_markdown": "### [S1] supplier-contract.txt\n\n> EverythingAI disposable QA supplier contract. Supplier onboarding checklist. Batch approval validation. Recovery trash restore validation.",
            "order_index": 10,
            "content_hash": "810fa14b5bca6059cfbe31a4f64e191a980b34b4"
          }
        ],
        "sources": [
          {
            "id": "file-93b3acec59dfc0bfa4da75df429142e3a646f59e6d0bbe3355d22efb831c2edb:S1",
            "ref": "S1",
            "source_ref": "S1",
            "file_id": "93b3acec59dfc0bfa4da75df429142e3a646f59e6d0bbe3355d22efb831c2edb",
            "filename": "supplier-contract.txt",
            "absolute_path": "/tmp/eai-task-024.Cxsuql/disposable-alpha/supplier-contract.txt",
            "relative_path": null,
            "location": "extracted document content",
            "evidence": "EverythingAI disposable QA supplier contract. Supplier onboarding checklist. Batch approval validation. Recovery trash restore validation.",
            "source_hash": "96a3b5618f6775fd6c8d7f8fa266ed120aec8434",
            "chunks": [
              {
                "id": "file-93b3acec59dfc0bfa4da75df429142e3a646f59e6d0bbe3355d22efb831c2edb:S1:C1",
                "ref": "S1:C1",
                "chunk_ref": "S1:C1",
                "source_ref": "S1",
                "chunk_number": 1,
                "stable_chunk_key": "eb43b623be6cf089cb15a7350cd8452f7509d6a1",
                "line_start": 1,
                "line_end": 4,
                "char_start": null,
                "char_end": 138,
                "page_number": null,
                "location": "chunk 1, lines 1-4",
                "heading": false,
                "text": "EverythingAI disposable QA supplier contract.\nSupplier onboarding checklist.\nBatch approval validation.\nRecovery trash restore validation.",
                "evidence": "EverythingAI disposable QA supplier contract. Supplier onboarding checklist. Batch approval validation. Recovery trash restore validation."
              }
            ]
          }
        ],
        "citation_coverage_score": 1,
        "weak_source_warning": false,
        "content_hash": "7f561c47573f622124d3b0968f9bc63fe79c4231",
        "source_fingerprint": "0d4a7f2588126588c3840edd1b212ecc306036e1",
        "updated_at": "2026-06-25T23:20:23.753Z"
      }
    ]
  }
}
:: wiki :: status=200
{
  "wiki": {
    "generated_at": "2026-06-25T23:20:23.764Z",
    "page_count": 7,
    "categories": [
      {
        "id": "category-legal-compliance",
        "title": "Legal & Compliance",
        "slug": "category-legal-compliance"
      },
      {
        "id": "category-projects-planning",
        "title": "Projects & Planning",
        "slug": "category-projects-planning"
      }
    ],
    "pages": [
      {
        "id": "workspace-overview",
        "title": "Workspace Overview",
        "slug": "workspace-overview",
        "page_type": "system",
        "category": "Filebase Intelligence",
        "subcategory": "Workspace Summary",
        "summary": "Overview of 3 indexed file(s), focused on source-backed content discovery.",
        "markdown": "# Workspace Overview\n\n> This wiki contains source-backed pages generated from 3 indexed file(s).\n\n## Contents\n\n- [[Knowledge Categories]]\n- [[Document Overview]]\n- [[How to Use This Wiki]]\n- [[Sources]]\n\n## Knowledge Categories\n\n| Category | Documents |\n| --- | --- |\n| Legal & Compliance | 1 document(s) |\n| Projects & Planning | 1 document(s) |\n\n## Document Overview\n\n| Document | Category | Source-backed content | Source |\n| --- | --- | --- | --- |\n| supplier-contract.txt | Legal & Compliance | EverythingAI disposable QA supplier contract. Supplier onboarding checklist. Batch approval validation. Recovery trash restore validation. | [S1:C1] |\n| project-notes.md | Projects & Planning | # Disposable QA Notes | [S2:C1] |\n\n## How to Use This Wiki\n\nOpen a category, then a topic, then a source-backed file page. File pages prioritize extracted document content. Source markers such as **[S1:C3]** connect text back to a specific generated source chunk. Metadata is separated from document body content.\n\n## Sources\n\n- [S1] **supplier-contract.txt** — extracted document content\n- [S2] **project-notes.md** — extracted document content\n\n## Source Locations\n\n- [S1:C1] supplier-contract.txt — chunk 1, lines 1-4\n- [S2:C1] project-notes.md — chunk 1, lines 1-1\n- [S2:C2] project-notes.md — chunk 2, lines 3-4\n\n## Evidence Snippets\n\n### [S1] supplier-contract.txt\n\n> EverythingAI disposable QA supplier contract. Supplier onboarding checklist. Batch approval validation. Recovery trash restore validation.\n### [S2] project-notes.md\n\n> # Disposable QA Notes This folder is for validation only. It mentions supplier intake and progress visibility.",
        "source_file_ids": [
          "93b3acec59dfc0bfa4da75df429142e3a646f59e6d0bbe3355d22efb831c2edb",
          "aa7d93621c477b171a32b9a2aceb94848c09b30ba460fef807081351cd7b9209"
        ],
        "related_topics": [],
        "related_pages": [],
        "sections": [
          {
            "id": "workspace-overview:section:1",
            "section_key": "1-workspace-overview",
            "heading": "Workspace Overview",
            "heading_level": 1,
            "body_markdown": "# Workspace Overview\n\n> This wiki contains source-backed pages generated from 3 indexed file(s).",
            "order_index": 1,
            "content_hash": "7db8caa8640da47998d76deb2fd43feabcf8ac22"
          },
          {
            "id": "workspace-overview:section:2",
            "section_key": "2-contents",
            "heading": "Contents",
            "heading_level": 2,
            "body_markdown": "## Contents\n\n- [[Knowledge Categories]]\n- [[Document Overview]]\n- [[How to Use This Wiki]]\n- [[Sources]]",
            "order_index": 2,
            "content_hash": "5aa47cfbdf0d630f13a7ace25c5704908a1d08e5"
          },
          {
            "id": "workspace-overview:section:3",
            "section_key": "3-knowledge-categories",
            "heading": "Knowledge Categories",
            "heading_level": 2,
            "body_markdown": "## Knowledge Categories\n\n| Category | Documents |\n| --- | --- |\n| Legal & Compliance | 1 document(s) |\n| Projects & Planning | 1 document(s) |",
            "order_index": 3,
            "content_hash": "d7bb79010f38120a715983a6698e7bc1416053f7"
          },
          {
            "id": "workspace-overview:section:4",
            "section_key": "4-document-overview",
            "heading": "Document Overview",
            "heading_level": 2,
            "body_markdown": "## Document Overview\n\n| Document | Category | Source-backed content | Source |\n| --- | --- | --- | --- |\n| supplier-contract.txt | Legal & Compliance | EverythingAI disposable QA supplier contract. Supplier onboarding checklist. Batch approval validation. Recovery trash restore validation. | [S1:C1] |\n| project-notes.md | Projects & Planning | # Disposable QA Notes | [S2:C1] |",
            "order_index": 4,
            "content_hash": "4f40e716e690cbd77e1ca0a3ac7b6d232a9ee3f2"
          },
          {
            "id": "workspace-overview:section:5",
            "section_key": "5-how-to-use-this-wiki",
            "heading": "How to Use This Wiki",
            "heading_level": 2,
            "body_markdown": "## How to Use This Wiki\n\nOpen a category, then a topic, then a source-backed file page. File pages prioritize extracted document content. Source markers such as **[S1:C3]** connect text back to a specific generated source chunk. Metadata is separated from document body content.",
            "order_index": 5,
            "content_hash": "347853809c1bcba4e881e44e1ee95e769770fc0e"
          },
          {
            "id": "workspace-overview:section:6",
            "section_key": "6-sources",
            "heading": "Sources",
            "heading_level": 2,
            "body_markdown": "## Sources\n\n- [S1] **supplier-contract.txt** — extracted document content\n- [S2] **project-notes.md** — extracted document content",
            "order_index": 6,
            "content_hash": "70452b75267cefc9b882c118e5672fc5b85242e8"
          },
          {
            "id": "workspace-overview:section:7",
            "section_key": "7-source-locations",
            "heading": "Source Locations",
            "heading_level": 2,
            "body_markdown": "## Source Locations\n\n- [S1:C1] supplier-contract.txt — chunk 1, lines 1-4\n- [S2:C1] project-notes.md — chunk 1, lines 1-1\n- [S2:C2] project-notes.md — chunk 2, lines 3-4",
            "order_index": 7,
            "content_hash": "af6ca9b84085d70727277357d453cdcfb2bff709"
          },
          {
            "id": "workspace-overview:section:8",
            "section_key": "8-evidence-snippets",
            "heading": "Evidence Snippets",
            "heading_level": 2,
            "body_markdown": "## Evidence Snippets",
            "order_index": 8,
            "content_hash": "9969b6f6b13794dbbe400542299d431322b6730d"
          },
          {
            "id": "workspace-overview:section:9",
            "section_key": "9-s1-supplier-contract-txt",
            "heading": "[S1] supplier-contract.txt",
            "heading_level": 3,
            "body_markdown": "### [S1] supplier-contract.txt\n\n> EverythingAI disposable QA supplier contract. Supplier onboarding checklist. Batch approval validation. Recovery trash restore validation.",
            "order_index": 9,
            "content_hash": "810fa14b5bca6059cfbe31a4f64e191a980b34b4"
          },
          {
            "id": "workspace-overview:section:10",
            "section_key": "10-s2-project-notes-md",
            "heading": "[S2] project-notes.md",
            "heading_level": 3,
            "body_markdown": "### [S2] project-notes.md\n\n> # Disposable QA Notes This folder is for validation only. It mentions supplier intake and progress visibility.",
            "order_index": 10,
            "content_hash": "4d785ab87af8344a0cba34c7380c5dfce1e54f4c"
          }
        ],
        "sources": [
          {
            "id": "workspace-overview:S1",
            "ref": "S1",
            "source_ref": "S1",
            "file_id": "93b3acec59dfc0bfa4da75df429142e3a646f59e6d0bbe3355d22efb831c2edb",
            "filename": "supplier-contract.txt",
            "absolute_path": "/tmp/eai-task-024.Cxsuql/disposable-alpha/supplier-contract.txt",
            "relative_path": null,
            "location": "extracted document content",
            "evidence": "EverythingAI disposable QA supplier contract. Supplier onboarding checklist. Batch approval validation. Recovery trash restore validation.",
            "source_hash": "96a3b5618f6775fd6c8d7f8fa266ed120aec8434",
            "chunks": [
              {
                "id": "workspace-overview:S1:C1",
                "ref": "S1:C1",
                "chunk_ref": "S1:C1",
                "source_ref": "S1",
                "chunk_number": 1,
                "stable_chunk_key": "eb43b623be6cf089cb15a7350cd8452f7509d6a1",
                "line_start": 1,
                "line_end": 4,
                "char_start": null,
                "char_end": 138,
                "page_number": null,
                "location": "chunk 1, lines 1-4",
                "heading": false,
                "text": "EverythingAI disposable QA supplier contract.\nSupplier onboarding checklist.\nBatch approval validation.\nRecovery trash restore validation.",
                "evidence": "EverythingAI disposable QA supplier contract. Supplier onboarding checklist. Batch approval validation. Recovery trash restore validation."
              }
            ]
          },
          {
            "id": "workspace-overview:S2",
            "ref": "S2",
            "source_ref": "S2",
            "file_id": "aa7d93621c477b171a32b9a2aceb94848c09b30ba460fef807081351cd7b9209",
            "filename": "project-notes.md",
            "absolute_path": "/tmp/eai-task-024.Cxsuql/disposable-alpha/project-notes.md",
            "relative_path": null,
            "location": "extracted document content",
            "evidence": "# Disposable QA Notes This folder is for validation only. It mentions supplier intake and progress visibility.",
            "source_hash": "35938a9ac110f29d6d09756803705547cf1652cc",
            "chunks": [
              {
                "id": "workspace-overview:S2:C1",
                "ref": "S2:C1",
                "chunk_ref": "S2:C1",
                "source_ref": "S2",
                "chunk_number": 1,
                "stable_chunk_key": "5f4ec50fdb3b38cd65abec10799c6f50f493a521",
                "line_start": 1,
                "line_end": 1,
                "char_start": null,
                "char_end": 21,
                "page_number": null,
                "location": "chunk 1, lines 1-1",
                "heading": true,
                "text": "# Disposable QA Notes",
                "evidence": "# Disposable QA Notes"
              },
              {
                "id": "workspace-overview:S2:C2",
                "ref": "S2:C2",
                "chunk_ref": "S2:C2",
                "source_ref": "S2",
                "chunk_number": 2,
                "stable_chunk_key": "cbb982434bcc089b051f4efa2220cba20fd52598",
                "line_start": 3,
                "line_end": 4,
                "char_start": 23,
                "char_end": 111,
                "page_number": null,
                "location": "chunk 2, lines 3-4",
                "heading": false,
                "text": "This folder is for validation only.\nIt mentions supplier intake and progress visibility.",
                "evidence": "This folder is for validation only. It mentions supplier intake and progress visibility."
              }
            ]
          }
        ],
        "citation_coverage_score": 1,
        "weak_source_warning": false,
        "content_hash": "3b9588d5a5a2a74862c0ceaea5f9ee61e1668729",
        "source_fingerprint": "1632e2210dbb165977577b96d85f9a501871a0bc",
        "updated_at": "2026-06-25T23:20:23.759Z"
      },
      {
        "id": "category-legal-compliance",
        "title": "Legal & Compliance",
        "slug": "category-legal-compliance",
        "page_type": "category",
        "category": "Legal & Compliance",
        "subcategory": "Category Landing Page",
        "summary": "Category page for 1 related source document(s).",
        "markdown": "# Legal & Compliance\n\n> This category groups 1 related source document(s).\n\n## Contents\n\n- [[Subtopics]]\n- [[Documents in This Category]]\n- [[Related Pages]]\n- [[Sources]]\n\n## Subtopics\n\n| Subtopic | Documents |\n| --- | --- |\n| legal | 1 document(s) |\n\n## Documents in This Category\n\n| Document | Source-backed content | Source |\n| --- | --- | --- |\n| supplier-contract.txt | EverythingAI disposable QA supplier contract. Supplier onboarding checklist. Batch approval validation. Recovery trash restore validation. | [S1:C1] |\n\n## Related Pages\n\n- [[Projects & Planning]]\n\n## Sources\n\n- [S1] **supplier-contract.txt** — extracted document content\n\n## Source Locations\n\n- [S1:C1] supplier-contract.txt — chunk 1, lines 1-4\n\n## Evidence Snippets\n\n### [S1] supplier-contract.txt\n\n> EverythingAI disposable QA supplier contract. Supplier onboarding checklist. Batch approval validation. Recovery trash restore validation.",
        "source_file_ids": [
          "93b3acec59dfc0bfa4da75df429142e3a646f59e6d0bbe3355d22efb831c2edb"
        ],
        "related_topics": [],
        "related_pages": [
          {
            "id": "category-projects-planning",
            "title": "Projects & Planning",
            "slug": "category-projects-planning",
            "relation_type": "semantic",
            "score": null,
            "evidence": []
          }
        ],
        "sections": [
          {
            "id": "category-legal-compliance:section:1",
            "section_key": "1-legal-compliance",
            "heading": "Legal & Compliance",
            "heading_level": 1,
            "body_markdown": "# Legal & Compliance\n\n> This category groups 1 related source document(s).",
            "order_index": 1,
            "content_hash": "23cb794c0b14ac0762ff2be6a81a686a15ae4866"
          },
          {
            "id": "category-legal-compliance:section:2",
            "section_key": "2-contents",
            "heading": "Contents",
            "heading_level": 2,
            "body_markdown": "## Contents\n\n- [[Subtopics]]\n- [[Documents in This Category]]\n- [[Related Pages]]\n- [[Sources]]",
            "order_index": 2,
            "content_hash": "6ee95a7e62c7554a7ae14383edf427969933fc12"
          },
          {
            "id": "category-legal-compliance:section:3",
            "section_key": "3-subtopics",
            "heading": "Subtopics",
            "heading_level": 2,
            "body_markdown": "## Subtopics\n\n| Subtopic | Documents |\n| --- | --- |\n| legal | 1 document(s) |",
            "order_index": 3,
            "content_hash": "d42bf9202de2705b22882428cb95f97e09c0e35c"
          },
          {
            "id": "category-legal-compliance:section:4",
            "section_key": "4-documents-in-this-category",
            "heading": "Documents in This Category",
            "heading_level": 2,
            "body_markdown": "## Documents in This Category\n\n| Document | Source-backed content | Source |\n| --- | --- | --- |\n| supplier-contract.txt | EverythingAI disposable QA supplier contract. Supplier onboarding checklist. Batch approval validation. Recovery trash restore validation. | [S1:C1] |",
            "order_index": 4,
            "content_hash": "79025c637f8dde358dff4efb7a6cbd2c160cd293"
          },
          {
            "id": "category-legal-compliance:section:5",
            "section_key": "5-related-pages",
            "heading": "Related Pages",
            "heading_level": 2,
            "body_markdown": "## Related Pages\n\n- [[Projects & Planning]]",
            "order_index": 5,
            "content_hash": "a1e83ef9d06d88d2f469b9504a86a727e57a292c"
          },
          {
            "id": "category-legal-compliance:section:6",
            "section_key": "6-sources",
            "heading": "Sources",
            "heading_level": 2,
            "body_markdown": "## Sources\n\n- [S1] **supplier-contract.txt** — extracted document content",
            "order_index": 6,
            "content_hash": "b7b50d337bb4349660fa9d89fefeeefc2acc0528"
          },
          {
            "id": "category-legal-compliance:section:7",
            "section_key": "7-source-locations",
            "heading": "Source Locations",
            "heading_level": 2,
            "body_markdown": "## Source Locations\n\n- [S1:C1] supplier-contract.txt — chunk 1, lines 1-4",
            "order_index": 7,
            "content_hash": "0ef1f357dccfca524af2bc4431ad40de2fd9ef43"
          },
          {
            "id": "category-legal-compliance:section:8",
            "section_key": "8-evidence-snippets",
            "heading": "Evidence Snippets",
            "heading_level": 2,
            "body_markdown": "## Evidence Snippets",
            "order_index": 8,
            "content_hash": "9969b6f6b13794dbbe400542299d431322b6730d"
          },
          {
            "id": "category-legal-compliance:section:9",
            "section_key": "9-s1-supplier-contract-txt",
            "heading": "[S1] supplier-contract.txt",
            "heading_level": 3,
            "body_markdown": "### [S1] supplier-contract.txt\n\n> EverythingAI disposable QA supplier contract. Supplier onboarding checklist. Batch approval validation. Recovery trash restore validation.",
            "order_index": 9,
            "content_hash": "810fa14b5bca6059cfbe31a4f64e191a980b34b4"
          }
        ],
        "sources": [
          {
            "id": "category-legal-compliance:S1",
            "ref": "S1",
            "source_ref": "S1",
            "file_id": "93b3acec59dfc0bfa4da75df429142e3a646f59e6d0bbe3355d22efb831c2edb",
            "filename": "supplier-contract.txt",
            "absolute_path": "/tmp/eai-task-024.Cxsuql/disposable-alpha/supplier-contract.txt",
            "relative_path": null,
            "location": "extracted document content",
            "evidence": "EverythingAI disposable QA supplier contract. Supplier onboarding checklist. Batch approval validation. Recovery trash restore validation.",
            "source_hash": "96a3b5618f6775fd6c8d7f8fa266ed120aec8434",
            "chunks": [
              {
                "id": "category-legal-compliance:S1:C1",
                "ref": "S1:C1",
                "chunk_ref": "S1:C1",
                "source_ref": "S1",
                "chunk_number": 1,
                "stable_chunk_key": "eb43b623be6cf089cb15a7350cd8452f7509d6a1",
                "line_start": 1,
                "line_end": 4,
                "char_start": null,
                "char_end": 138,
                "page_number": null,
                "location": "chunk 1, lines 1-4",
                "heading": false,
                "text": "EverythingAI disposable QA supplier contract.\nSupplier onboarding checklist.\nBatch approval validation.\nRecovery trash restore validation.",
                "evidence": "EverythingAI disposable QA supplier contract. Supplier onboarding checklist. Batch approval validation. Recovery trash restore validation."
              }
            ]
          }
        ],
        "citation_coverage_score": 1,
        "weak_source_warning": false,
        "content_hash": "2b4963a3f4d80a059b37c1f39c38ec20bd9dd4c7",
        "source_fingerprint": "0d4a7f2588126588c3840edd1b212ecc306036e1",
        "updated_at": "2026-06-25T23:20:23.760Z"
      },
      {
        "id": "category-projects-planning",
        "title": "Projects & Planning",
        "slug": "category-projects-planning",
        "page_type": "category",
        "category": "Projects & Planning",
        "subcategory": "Category Landing Page",
        "summary": "Category page for 1 related source document(s).",
        "markdown": "# Projects & Planning\n\n> This category groups 1 related source document(s).\n\n## Contents\n\n- [[Subtopics]]\n- [[Documents in This Category]]\n- [[Related Pages]]\n- [[Sources]]\n\n## Subtopics\n\n| Subtopic | Documents |\n| --- | --- |\n| project | 1 document(s) |\n\n## Documents in This Category\n\n| Document | Source-backed content | Source |\n| --- | --- | --- |\n| project-notes.md | # Disposable QA Notes | [S1:C1] |\n\n## Related Pages\n\n- [[Legal & Compliance]]\n\n## Sources\n\n- [S1] **project-notes.md** — extracted document content\n\n## Source Locations\n\n- [S1:C1] project-notes.md — chunk 1, lines 1-1\n- [S1:C2] project-notes.md — chunk 2, lines 3-4\n\n## Evidence Snippets\n\n### [S1] project-notes.md\n\n> # Disposable QA Notes This folder is for validation only. It mentions supplier intake and progress visibility.",
        "source_file_ids": [
          "aa7d93621c477b171a32b9a2aceb94848c09b30ba460fef807081351cd7b9209"
        ],
        "related_topics": [],
        "related_pages": [
          {
            "id": "category-legal-compliance",
            "title": "Legal & Compliance",
            "slug": "category-legal-compliance",
            "relation_type": "semantic",
            "score": null,
            "evidence": []
          }
        ],
        "sections": [
          {
            "id": "category-projects-planning:section:1",
            "section_key": "1-projects-planning",
            "heading": "Projects & Planning",
            "heading_level": 1,
            "body_markdown": "# Projects & Planning\n\n> This category groups 1 related source document(s).",
            "order_index": 1,
            "content_hash": "793b20c3f2417c0de128fcbb97c0eb7fb38b3a52"
          },
          {
            "id": "category-projects-planning:section:2",
            "section_key": "2-contents",
            "heading": "Contents",
            "heading_level": 2,
            "body_markdown": "## Contents\n\n- [[Subtopics]]\n- [[Documents in This Category]]\n- [[Related Pages]]\n- [[Sources]]",
            "order_index": 2,
            "content_hash": "6ee95a7e62c7554a7ae14383edf427969933fc12"
          },
          {
            "id": "category-projects-planning:section:3",
            "section_key": "3-subtopics",
            "heading": "Subtopics",
            "heading_level": 2,
            "body_markdown": "## Subtopics\n\n| Subtopic | Documents |\n| --- | --- |\n| project | 1 document(s) |",
            "order_index": 3,
            "content_hash": "53eded07834ea9c4a03597df4a6f4f6a053894e0"
          },
          {
            "id": "category-projects-planning:section:4",
            "section_key": "4-documents-in-this-category",
            "heading": "Documents in This Category",
            "heading_level": 2,
            "body_markdown": "## Documents in This Category\n\n| Document | Source-backed content | Source |\n| --- | --- | --- |\n| project-notes.md | # Disposable QA Notes | [S1:C1] |",
            "order_index": 4,
            "content_hash": "ee0f499b4c3b913cbbd53ee1c5850af7a8ae26dd"
          },
          {
            "id": "category-projects-planning:section:5",
            "section_key": "5-related-pages",
            "heading": "Related Pages",
            "heading_level": 2,
            "body_markdown": "## Related Pages\n\n- [[Legal & Compliance]]",
            "order_index": 5,
            "content_hash": "bd0c81e911dac4aeefaab1664ca12aa3754bb9b5"
          },
          {
            "id": "category-projects-planning:section:6",
            "section_key": "6-sources",
            "heading": "Sources",
            "heading_level": 2,
            "body_markdown": "## Sources\n\n- [S1] **project-notes.md** — extracted document content",
            "order_index": 6,
            "content_hash": "c6f03e70529ebe07da9c154c026c3e7f8b95ea15"
          },
          {
            "id": "category-projects-planning:section:7",
            "section_key": "7-source-locations",
            "heading": "Source Locations",
            "heading_level": 2,
            "body_markdown": "## Source Locations\n\n- [S1:C1] project-notes.md — chunk 1, lines 1-1\n- [S1:C2] project-notes.md — chunk 2, lines 3-4",
            "order_index": 7,
            "content_hash": "df3241cdf4453657aaa04e494f75f1c15b9a4327"
          },
          {
            "id": "category-projects-planning:section:8",
            "section_key": "8-evidence-snippets",
            "heading": "Evidence Snippets",
            "heading_level": 2,
            "body_markdown": "## Evidence Snippets",
            "order_index": 8,
            "content_hash": "9969b6f6b13794dbbe400542299d431322b6730d"
          },
          {
            "id": "category-projects-planning:section:9",
            "section_key": "9-s1-project-notes-md",
            "heading": "[S1] project-notes.md",
            "heading_level": 3,
            "body_markdown": "### [S1] project-notes.md\n\n> # Disposable QA Notes This folder is for validation only. It mentions supplier intake and progress visibility.",
            "order_index": 9,
            "content_hash": "9dc5c9e6d3cca91e82a38d73a52e0aee85333e8f"
          }
        ],
        "sources": [
          {
            "id": "category-projects-planning:S1",
            "ref": "S1",
            "source_ref": "S1",
            "file_id": "aa7d93621c477b171a32b9a2aceb94848c09b30ba460fef807081351cd7b9209",
            "filename": "project-notes.md",
            "absolute_path": "/tmp/eai-task-024.Cxsuql/disposable-alpha/project-notes.md",
            "relative_path": null,
            "location": "extracted document content",
            "evidence": "# Disposable QA Notes This folder is for validation only. It mentions supplier intake and progress visibility.",
            "source_hash": "04690adae38c57ed2edad3cdda4e199e1632012b",
            "chunks": [
              {
                "id": "category-projects-planning:S1:C1",
                "ref": "S1:C1",
                "chunk_ref": "S1:C1",
                "source_ref": "S1",
                "chunk_number": 1,
                "stable_chunk_key": "64becabd25663ce1afa6b72b660a6b2eb014eb93",
                "line_start": 1,
                "line_end": 1,
                "char_start": null,
                "char_end": 21,
                "page_number": null,
                "location": "chunk 1, lines 1-1",
                "heading": true,
                "text": "# Disposable QA Notes",
                "evidence": "# Disposable QA Notes"
              },
              {
                "id": "category-projects-planning:S1:C2",
                "ref": "S1:C2",
                "chunk_ref": "S1:C2",
                "source_ref": "S1",
                "chunk_number": 2,
                "stable_chunk_key": "7761547e5cd7b7a26d2f9d3f78c9ee94fbb94ae8",
                "line_start": 3,
                "line_end": 4,
                "char_start": 23,
                "char_end": 111,
                "page_number": null,
                "location": "chunk 2, lines 3-4",
                "heading": false,
                "text": "This folder is for validation only.\nIt mentions supplier intake and progress visibility.",
                "evidence": "This folder is for validation only. It mentions supplier intake and progress visibility."
              }
            ]
          }
        ],
        "citation_coverage_score": 1,
        "weak_source_warning": false,
        "content_hash": "7367112a363923df9a042c84731ae08e2a6e9627",
        "source_fingerprint": "9fc2cc26a3ecf9362d70b190a692fa90776b53fb",
        "updated_at": "2026-06-25T23:20:23.760Z"
      },
      {
        "id": "topic-legal-compliance-legal",
        "title": "legal",
        "slug": "topic-legal-compliance-legal",
        "page_type": "topic",
        "category": "Legal & Compliance",
        "subcategory": "legal",
        "summary": "Topic page built from 1 related source-backed document(s).",
        "markdown": "# legal\n\n> This topic combines source-backed content from 1 related document(s) in Legal & Compliance.\n\n## Contents\n\n- [[Topic Overview]]\n- [[Source Content]]\n- [[Source Document Table]]\n- [[Media References]]\n- [[Related Pages]]\n- [[Sources]]\n\n## Topic Overview\n\n| Document | Source-backed content | Source |\n| --- | --- | --- |\n| supplier-contract.txt | EverythingAI disposable QA supplier contract. Supplier onboarding checklist. Batch approval validation. Recovery trash restore validation. | [S1:C1] |\n\n## Source Content\n\n### supplier-contract.txt **[S1]**\n\nEverythingAI disposable QA supplier contract.\nSupplier onboarding checklist.\nBatch approval validation.\nRecovery trash restore validation. **[S1:C1]**\n\n## Source Document Table\n\n| Ref | Document | Location |\n| --- | --- | --- |\n| S1 | supplier-contract.txt | chunk 1, lines 1-4 |\n\n\n## Related Pages\n\n- [[Legal & Compliance]]\n\n## Sources\n\n- [S1] **supplier-contract.txt** — extracted document content\n\n## Source Locations\n\n- [S1:C1] supplier-contract.txt — chunk 1, lines 1-4\n\n## Evidence Snippets\n\n### [S1] supplier-contract.txt\n\n> EverythingAI disposable QA supplier contract. Supplier onboarding checklist. Batch approval validation. Recovery trash restore validation.",
        "source_file_ids": [
          "93b3acec59dfc0bfa4da75df429142e3a646f59e6d0bbe3355d22efb831c2edb"
        ],
        "related_topics": [],
        "related_pages": [
          {
            "id": "category-legal-compliance",
            "title": "Legal & Compliance",
            "slug": "category-legal-compliance",
            "relation_type": "semantic",
            "score": null,
            "evidence": []
          }
        ],
        "sections": [
          {
            "id": "topic-legal-compliance-legal:section:1",
            "section_key": "1-legal",
            "heading": "legal",
            "heading_level": 1,
            "body_markdown": "# legal\n\n> This topic combines source-backed content from 1 related document(s) in Legal & Compliance.",
            "order_index": 1,
            "content_hash": "a3fe0ac8b4a11437ca409649aa82a5443acca799"
          },
          {
            "id": "topic-legal-compliance-legal:section:2",
            "section_key": "2-contents",
            "heading": "Contents",
            "heading_level": 2,
            "body_markdown": "## Contents\n\n- [[Topic Overview]]\n- [[Source Content]]\n- [[Source Document Table]]\n- [[Media References]]\n- [[Related Pages]]\n- [[Sources]]",
            "order_index": 2,
            "content_hash": "b5f76a2b0a875e8c771d2fa0166ab1ce3055a3f4"
          },
          {
            "id": "topic-legal-compliance-legal:section:3",
            "section_key": "3-topic-overview",
            "heading": "Topic Overview",
            "heading_level": 2,
            "body_markdown": "## Topic Overview\n\n| Document | Source-backed content | Source |\n| --- | --- | --- |\n| supplier-contract.txt | EverythingAI disposable QA supplier contract. Supplier onboarding checklist. Batch approval validation. Recovery trash restore validation. | [S1:C1] |",
            "order_index": 3,
            "content_hash": "19147f195604db31d9140895060becb1c5648f36"
          },
          {
            "id": "topic-legal-compliance-legal:section:4",
            "section_key": "4-source-content",
            "heading": "Source Content",
            "heading_level": 2,
            "body_markdown": "## Source Content",
            "order_index": 4,
            "content_hash": "e667e959e59e5b74759817bb3ac30a62aee80e18"
          },
          {
            "id": "topic-legal-compliance-legal:section:5",
            "section_key": "5-supplier-contract-txt",
            "heading": "supplier-contract.txt",
            "heading_level": 3,
            "body_markdown": "### supplier-contract.txt **[S1]**\n\nEverythingAI disposable QA supplier contract.\nSupplier onboarding checklist.\nBatch approval validation.\nRecovery trash restore validation. **[S1:C1]**",
            "order_index": 5,
            "content_hash": "1d81d2952aafb087eb3d1bb950fdcb9e0e9d3c3a"
          },
          {
            "id": "topic-legal-compliance-legal:section:6",
            "section_key": "6-source-document-table",
            "heading": "Source Document Table",
            "heading_level": 2,
            "body_markdown": "## Source Document Table\n\n| Ref | Document | Location |\n| --- | --- | --- |\n| S1 | supplier-contract.txt | chunk 1, lines 1-4 |",
            "order_index": 6,
            "content_hash": "307e57c662116f692a4f396e7f3e3f369e2de23a"
          },
          {
            "id": "topic-legal-compliance-legal:section:7",
            "section_key": "7-related-pages",
            "heading": "Related Pages",
            "heading_level": 2,
            "body_markdown": "## Related Pages\n\n- [[Legal & Compliance]]",
            "order_index": 7,
            "content_hash": "bd0c81e911dac4aeefaab1664ca12aa3754bb9b5"
          },
          {
            "id": "topic-legal-compliance-legal:section:8",
            "section_key": "8-sources",
            "heading": "Sources",
            "heading_level": 2,
            "body_markdown": "## Sources\n\n- [S1] **supplier-contract.txt** — extracted document content",
            "order_index": 8,
            "content_hash": "b7b50d337bb4349660fa9d89fefeeefc2acc0528"
          },
          {
            "id": "topic-legal-compliance-legal:section:9",
            "section_key": "9-source-locations",
            "heading": "Source Locations",
            "heading_level": 2,
            "body_markdown": "## Source Locations\n\n- [S1:C1] supplier-contract.txt — chunk 1, lines 1-4",
            "order_index": 9,
            "content_hash": "0ef1f357dccfca524af2bc4431ad40de2fd9ef43"
          },
          {
            "id": "topic-legal-compliance-legal:section:10",
            "section_key": "10-evidence-snippets",
            "heading": "Evidence Snippets",
            "heading_level": 2,
            "body_markdown": "## Evidence Snippets",
            "order_index": 10,
            "content_hash": "9969b6f6b13794dbbe400542299d431322b6730d"
          },
          {
            "id": "topic-legal-compliance-legal:section:11",
            "section_key": "11-s1-supplier-contract-txt",
            "heading": "[S1] supplier-contract.txt",
            "heading_level": 3,
            "body_markdown": "### [S1] supplier-contract.txt\n\n> EverythingAI disposable QA supplier contract. Supplier onboarding checklist. Batch approval validation. Recovery trash restore validation.",
            "order_index": 11,
            "content_hash": "810fa14b5bca6059cfbe31a4f64e191a980b34b4"
          }
        ],
        "sources": [
          {
            "id": "topic-legal-compliance-legal:S1",
            "ref": "S1",
            "source_ref": "S1",
            "file_id": "93b3acec59dfc0bfa4da75df429142e3a646f59e6d0bbe3355d22efb831c2edb",
            "filename": "supplier-contract.txt",
            "absolute_path": "/tmp/eai-task-024.Cxsuql/disposable-alpha/supplier-contract.txt",
            "relative_path": null,
            "location": "extracted document content",
            "evidence": "EverythingAI disposable QA supplier contract. Supplier onboarding checklist. Batch approval validation. Recovery trash restore validation.",
            "source_hash": "96a3b5618f6775fd6c8d7f8fa266ed120aec8434",
            "chunks": [
              {
                "id": "topic-legal-compliance-legal:S1:C1",
                "ref": "S1:C1",
                "chunk_ref": "S1:C1",
                "source_ref": "S1",
                "chunk_number": 1,
                "stable_chunk_key": "eb43b623be6cf089cb15a7350cd8452f7509d6a1",
                "line_start": 1,
                "line_end": 4,
                "char_start": null,
                "char_end": 138,
                "page_number": null,
                "location": "chunk 1, lines 1-4",
                "heading": false,
                "text": "EverythingAI disposable QA supplier contract.\nSupplier onboarding checklist.\nBatch approval validation.\nRecovery trash restore validation.",
                "evidence": "EverythingAI disposable QA supplier contract. Supplier onboarding checklist. Batch approval validation. Recovery trash restore validation."
              }
            ]
          }
        ],
        "citation_coverage_score": 1,
        "weak_source_warning": false,
        "content_hash": "cd6a72cea4be3531d7c0a7dac91bc10abb42cb50",
        "source_fingerprint": "0d4a7f2588126588c3840edd1b212ecc306036e1",
        "updated_at": "2026-06-25T23:20:23.762Z"
      },
      {
        "id": "topic-projects-planning-project",
        "title": "project",
        "slug": "topic-projects-planning-project",
        "page_type": "topic",
        "category": "Projects & Planning",
        "subcategory": "project",
        "summary": "Topic page built from 1 related source-backed document(s).",
        "markdown": "# project\n\n> This topic combines source-backed content from 1 related document(s) in Projects & Planning.\n\n## Contents\n\n- [[Topic Overview]]\n- [[Source Content]]\n- [[Source Document Table]]\n- [[Media References]]\n- [[Related Pages]]\n- [[Sources]]\n\n## Topic Overview\n\n| Document | Source-backed content | Source |\n| --- | --- | --- |\n| project-notes.md | # Disposable QA Notes | [S1:C1] |\n\n## Source Content\n\n### project-notes.md **[S1]**\n\n# Disposable QA Notes **[S1:C1]**\n\nThis folder is for validation only.\nIt mentions supplier intake and progress visibility. **[S1:C2]**\n\n## Source Document Table\n\n| Ref | Document | Location |\n| --- | --- | --- |\n| S1 | project-notes.md | chunk 1, lines 1-1 |\n\n\n## Related Pages\n\n- [[Projects & Planning]]\n\n## Sources\n\n- [S1] **project-notes.md** — extracted document content\n\n## Source Locations\n\n- [S1:C1] project-notes.md — chunk 1, lines 1-1\n- [S1:C2] project-notes.md — chunk 2, lines 3-4\n\n## Evidence Snippets\n\n### [S1] project-notes.md\n\n> # Disposable QA Notes This folder is for validation only. It mentions supplier intake and progress visibility.",
        "source_file_ids": [
          "aa7d93621c477b171a32b9a2aceb94848c09b30ba460fef807081351cd7b9209"
        ],
        "related_topics": [],
        "related_pages": [
          {
            "id": "category-projects-planning",
            "title": "Projects & Planning",
            "slug": "category-projects-planning",
            "relation_type": "semantic",
            "score": null,
            "evidence": []
          }
        ],
        "sections": [
          {
            "id": "topic-projects-planning-project:section:1",
            "section_key": "1-project",
            "heading": "project",
            "heading_level": 1,
            "body_markdown": "# project\n\n> This topic combines source-backed content from 1 related document(s) in Projects & Planning.",
            "order_index": 1,
            "content_hash": "fc02d357fa7bb0a2b253a14a061b523d6eb3c4f8"
          },
          {
            "id": "topic-projects-planning-project:section:2",
            "section_key": "2-contents",
            "heading": "Contents",
            "heading_level": 2,
            "body_markdown": "## Contents\n\n- [[Topic Overview]]\n- [[Source Content]]\n- [[Source Document Table]]\n- [[Media References]]\n- [[Related Pages]]\n- [[Sources]]",
            "order_index": 2,
            "content_hash": "b5f76a2b0a875e8c771d2fa0166ab1ce3055a3f4"
          },
          {
            "id": "topic-projects-planning-project:section:3",
            "section_key": "3-topic-overview",
            "heading": "Topic Overview",
            "heading_level": 2,
            "body_markdown": "## Topic Overview\n\n| Document | Source-backed content | Source |\n| --- | --- | --- |\n| project-notes.md | # Disposable QA Notes | [S1:C1] |",
            "order_index": 3,
            "content_hash": "9364260a014711252a1033c2ea107e29cf1a7e7b"
          },
          {
            "id": "topic-projects-planning-project:section:4",
            "section_key": "4-source-content",
            "heading": "Source Content",
            "heading_level": 2,
            "body_markdown": "## Source Content",
            "order_index": 4,
            "content_hash": "e667e959e59e5b74759817bb3ac30a62aee80e18"
          },
          {
            "id": "topic-projects-planning-project:section:5",
            "section_key": "5-project-notes-md",
            "heading": "project-notes.md",
            "heading_level": 3,
            "body_markdown": "### project-notes.md **[S1]**",
            "order_index": 5,
            "content_hash": "a0b6844f52f852948f8de5e59b60558df9f9cba5"
          },
          {
            "id": "topic-projects-planning-project:section:6",
            "section_key": "6-disposable-qa-notes",
            "heading": "Disposable QA Notes",
            "heading_level": 1,
            "body_markdown": "# Disposable QA Notes **[S1:C1]**\n\nThis folder is for validation only.\nIt mentions supplier intake and progress visibility. **[S1:C2]**",
            "order_index": 6,
            "content_hash": "0b38d0c1f2191eb666128cdfcaec40f025f621b9"
          },
          {
            "id": "topic-projects-planning-project:section:7",
            "section_key": "7-source-document-table",
            "heading": "Source Document Table",
            "heading_level": 2,
            "body_markdown": "## Source Document Table\n\n| Ref | Document | Location |\n| --- | --- | --- |\n| S1 | project-notes.md | chunk 1, lines 1-1 |",
            "order_index": 7,
            "content_hash": "2eb357ea0a3b7649d8d9c926957e2731641b4963"
          },
          {
            "id": "topic-projects-planning-project:section:8",
            "section_key": "8-related-pages",
            "heading": "Related Pages",
            "heading_level": 2,
            "body_markdown": "## Related Pages\n\n- [[Projects & Planning]]",
            "order_index": 8,
            "content_hash": "a1e83ef9d06d88d2f469b9504a86a727e57a292c"
          },
          {
            "id": "topic-projects-planning-project:section:9",
            "section_key": "9-sources",
            "heading": "Sources",
            "heading_level": 2,
            "body_markdown": "## Sources\n\n- [S1] **project-notes.md** — extracted document content",
            "order_index": 9,
            "content_hash": "c6f03e70529ebe07da9c154c026c3e7f8b95ea15"
          },
          {
            "id": "topic-projects-planning-project:section:10",
            "section_key": "10-source-locations",
            "heading": "Source Locations",
            "heading_level": 2,
            "body_markdown": "## Source Locations\n\n- [S1:C1] project-notes.md — chunk 1, lines 1-1\n- [S1:C2] project-notes.md — chunk 2, lines 3-4",
            "order_index": 10,
            "content_hash": "df3241cdf4453657aaa04e494f75f1c15b9a4327"
          },
          {
            "id": "topic-projects-planning-project:section:11",
            "section_key": "11-evidence-snippets",
            "heading": "Evidence Snippets",
            "heading_level": 2,
            "body_markdown": "## Evidence Snippets",
            "order_index": 11,
            "content_hash": "9969b6f6b13794dbbe400542299d431322b6730d"
          },
          {
            "id": "topic-projects-planning-project:section:12",
            "section_key": "12-s1-project-notes-md",
            "heading": "[S1] project-notes.md",
            "heading_level": 3,
            "body_markdown": "### [S1] project-notes.md\n\n> # Disposable QA Notes This folder is for validation only. It mentions supplier intake and progress visibility.",
            "order_index": 12,
            "content_hash": "9dc5c9e6d3cca91e82a38d73a52e0aee85333e8f"
          }
        ],
        "sources": [
          {
            "id": "topic-projects-planning-project:S1",
            "ref": "S1",
            "source_ref": "S1",
            "file_id": "aa7d93621c477b171a32b9a2aceb94848c09b30ba460fef807081351cd7b9209",
            "filename": "project-notes.md",
            "absolute_path": "/tmp/eai-task-024.Cxsuql/disposable-alpha/project-notes.md",
            "relative_path": null,
            "location": "extracted document content",
            "evidence": "# Disposable QA Notes This folder is for validation only. It mentions supplier intake and progress visibility.",
            "source_hash": "04690adae38c57ed2edad3cdda4e199e1632012b",
            "chunks": [
              {
                "id": "topic-projects-planning-project:S1:C1",
                "ref": "S1:C1",
                "chunk_ref": "S1:C1",
                "source_ref": "S1",
                "chunk_number": 1,
                "stable_chunk_key": "64becabd25663ce1afa6b72b660a6b2eb014eb93",
                "line_start": 1,
                "line_end": 1,
                "char_start": null,
                "char_end": 21,
                "page_number": null,
                "location": "chunk 1, lines 1-1",
                "heading": true,
                "text": "# Disposable QA Notes",
                "evidence": "# Disposable QA Notes"
              },
              {
                "id": "topic-projects-planning-project:S1:C2",
                "ref": "S1:C2",
                "chunk_ref": "S1:C2",
                "source_ref": "S1",
                "chunk_number": 2,
                "stable_chunk_key": "7761547e5cd7b7a26d2f9d3f78c9ee94fbb94ae8",
                "line_start": 3,
                "line_end": 4,
                "char_start": 23,
                "char_end": 111,
                "page_number": null,
                "location": "chunk 2, lines 3-4",
                "heading": false,
                "text": "This folder is for validation only.\nIt mentions supplier intake and progress visibility.",
                "evidence": "This folder is for validation only. It mentions supplier intake and progress visibility."
              }
            ]
          }
        ],
        "citation_coverage_score": 1,
        "weak_source_warning": false,
        "content_hash": "4a508a473d6a318dbc353176472493ef4f4a0c9f",
        "source_fingerprint": "9fc2cc26a3ecf9362d70b190a692fa90776b53fb",
        "updated_at": "2026-06-25T23:20:23.762Z"
      },
      {
        "id": "file-aa7d93621c477b171a32b9a2aceb94848c09b30ba460fef807081351cd7b9209",
        "title": "project-notes.md",
        "slug": "file-project-notes-md-aa7d9362",
        "page_type": "file",
        "category": "Projects & Planning",
        "subcategory": "project",
        "summary": "# Disposable QA Notes",
        "markdown": "# project-notes.md\n\n> # Disposable QA Notes\n\n## Contents\n\n- [[Document Content]]\n- [[About This Document]]\n- [[Extracted Entities]]\n- [[Related Pages]]\n- [[Sources]]\n\n## Document Content\n\n# Disposable QA Notes **[S1:C1]**\n\nThis folder is for validation only.\nIt mentions supplier intake and progress visibility. **[S1:C2]**\n\n## About This Document\n\n| Field | Value |\n| --- | --- |\n| Category | Projects & Planning |\n| Subcategory | project |\n| AI classification | project |\n| Content control | source-backed extracted content |\n| Generated | 2026-06-25T23:20:23.745Z |\n\n## Extracted Entities\n\n| Entity group | Value |\n| --- | --- |\n| names | Disposable |\n| names | Notes  This |\n| names | It |\n\n## Related Pages\n\n- [[Projects & Planning]]\n- [[project]]\n\n## Sources\n\n- [S1] **project-notes.md** — extracted document content\n\n## Source Locations\n\n- [S1:C1] project-notes.md — chunk 1, lines 1-1\n- [S1:C2] project-notes.md — chunk 2, lines 3-4\n\n## Evidence Snippets\n\n### [S1] project-notes.md\n\n> # Disposable QA Notes This folder is for validation only. It mentions supplier intake and progress visibility.",
        "source_file_ids": [
          "aa7d93621c477b171a32b9a2aceb94848c09b30ba460fef807081351cd7b9209"
        ],
        "related_topics": [],
        "related_pages": [
          {
            "id": "category-projects-planning",
            "title": "Projects & Planning",
            "slug": "category-projects-planning",
            "relation_type": "semantic",
            "score": null,
            "evidence": []
          },
          {
            "id": "topic-projects-planning-project",
            "title": "project",
            "slug": "topic-projects-planning-project",
            "relation_type": "semantic",
            "score": null,
            "evidence": []
          }
        ],
        "sections": [
          {
            "id": "file-aa7d93621c477b171a32b9a2aceb94848c09b30ba460fef807081351cd7b9209:section:1",
            "section_key": "1-project-notes-md",
            "heading": "project-notes.md",
            "heading_level": 1,
            "body_markdown": "# project-notes.md\n\n> # Disposable QA Notes",
            "order_index": 1,
            "content_hash": "a4a26313c7fb0361738cdc61dedf70be9480f1f0"
          },
          {
            "id": "file-aa7d93621c477b171a32b9a2aceb94848c09b30ba460fef807081351cd7b9209:section:2",
            "section_key": "2-contents",
            "heading": "Contents",
            "heading_level": 2,
            "body_markdown": "## Contents\n\n- [[Document Content]]\n- [[About This Document]]\n- [[Extracted Entities]]\n- [[Related Pages]]\n- [[Sources]]",
            "order_index": 2,
            "content_hash": "dbe6d10a407b0a38aebcd09ec5721b9f7f05c10a"
          },
          {
            "id": "file-aa7d93621c477b171a32b9a2aceb94848c09b30ba460fef807081351cd7b9209:section:3",
            "section_key": "3-document-content",
            "heading": "Document Content",
            "heading_level": 2,
            "body_markdown": "## Document Content",
            "order_index": 3,
            "content_hash": "d672796e7ff928e5f94be322b52288bc754bed0b"
          },
          {
            "id": "file-aa7d93621c477b171a32b9a2aceb94848c09b30ba460fef807081351cd7b9209:section:4",
            "section_key": "4-disposable-qa-notes",
            "heading": "Disposable QA Notes",
            "heading_level": 1,
            "body_markdown": "# Disposable QA Notes **[S1:C1]**\n\nThis folder is for validation only.\nIt mentions supplier intake and progress visibility. **[S1:C2]**",
            "order_index": 4,
            "content_hash": "0b38d0c1f2191eb666128cdfcaec40f025f621b9"
          },
          {
            "id": "file-aa7d93621c477b171a32b9a2aceb94848c09b30ba460fef807081351cd7b9209:section:5",
            "section_key": "5-about-this-document",
            "heading": "About This Document",
            "heading_level": 2,
            "body_markdown": "## About This Document\n\n| Field | Value |\n| --- | --- |\n| Category | Projects & Planning |\n| Subcategory | project |\n| AI classification | project |\n| Content control | source-backed extracted content |\n| Generated | 2026-06-25T23:20:23.745Z |",
            "order_index": 5,
            "content_hash": "0c60a065a6afa3c999898d9653372485deca81e8"
          },
          {
            "id": "file-aa7d93621c477b171a32b9a2aceb94848c09b30ba460fef807081351cd7b9209:section:6",
            "section_key": "6-extracted-entities",
            "heading": "Extracted Entities",
            "heading_level": 2,
            "body_markdown": "## Extracted Entities\n\n| Entity group | Value |\n| --- | --- |\n| names | Disposable |\n| names | Notes  This |\n| names | It |",
            "order_index": 6,
            "content_hash": "b8e590be9a063af5334da3ab46c91a329d198a8c"
          },
          {
            "id": "file-aa7d93621c477b171a32b9a2aceb94848c09b30ba460fef807081351cd7b9209:section:7",
            "section_key": "7-related-pages",
            "heading": "Related Pages",
            "heading_level": 2,
            "body_markdown": "## Related Pages\n\n- [[Projects & Planning]]\n- [[project]]",
            "order_index": 7,
            "content_hash": "bcbfd9b1a51ea589b538c50c52134a1e31f6b21f"
          },
          {
            "id": "file-aa7d93621c477b171a32b9a2aceb94848c09b30ba460fef807081351cd7b9209:section:8",
            "section_key": "8-sources",
            "heading": "Sources",
            "heading_level": 2,
            "body_markdown": "## Sources\n\n- [S1] **project-notes.md** — extracted document content",
            "order_index": 8,
            "content_hash": "c6f03e70529ebe07da9c154c026c3e7f8b95ea15"
          },
          {
            "id": "file-aa7d93621c477b171a32b9a2aceb94848c09b30ba460fef807081351cd7b9209:section:9",
            "section_key": "9-source-locations",
            "heading": "Source Locations",
            "heading_level": 2,
            "body_markdown": "## Source Locations\n\n- [S1:C1] project-notes.md — chunk 1, lines 1-1\n- [S1:C2] project-notes.md — chunk 2, lines 3-4",
            "order_index": 9,
            "content_hash": "df3241cdf4453657aaa04e494f75f1c15b9a4327"
          },
          {
            "id": "file-aa7d93621c477b171a32b9a2aceb94848c09b30ba460fef807081351cd7b9209:section:10",
            "section_key": "10-evidence-snippets",
            "heading": "Evidence Snippets",
            "heading_level": 2,
            "body_markdown": "## Evidence Snippets",
            "order_index": 10,
            "content_hash": "9969b6f6b13794dbbe400542299d431322b6730d"
          },
          {
            "id": "file-aa7d93621c477b171a32b9a2aceb94848c09b30ba460fef807081351cd7b9209:section:11",
            "section_key": "11-s1-project-notes-md",
            "heading": "[S1] project-notes.md",
            "heading_level": 3,
            "body_markdown": "### [S1] project-notes.md\n\n> # Disposable QA Notes This folder is for validation only. It mentions supplier intake and progress visibility.",
            "order_index": 11,
            "content_hash": "9dc5c9e6d3cca91e82a38d73a52e0aee85333e8f"
          }
        ],
        "sources": [
          {
            "id": "file-aa7d93621c477b171a32b9a2aceb94848c09b30ba460fef807081351cd7b9209:S1",
            "ref": "S1",
            "source_ref": "S1",
            "file_id": "aa7d93621c477b171a32b9a2aceb94848c09b30ba460fef807081351cd7b9209",
            "filename": "project-notes.md",
            "absolute_path": "/tmp/eai-task-024.Cxsuql/disposable-alpha/project-notes.md",
            "relative_path": null,
            "location": "extracted document content",
            "evidence": "# Disposable QA Notes This folder is for validation only. It mentions supplier intake and progress visibility.",
            "source_hash": "04690adae38c57ed2edad3cdda4e199e1632012b",
            "chunks": [
              {
                "id": "file-aa7d93621c477b171a32b9a2aceb94848c09b30ba460fef807081351cd7b9209:S1:C1",
                "ref": "S1:C1",
                "chunk_ref": "S1:C1",
                "source_ref": "S1",
                "chunk_number": 1,
                "stable_chunk_key": "64becabd25663ce1afa6b72b660a6b2eb014eb93",
                "line_start": 1,
                "line_end": 1,
                "char_start": null,
                "char_end": 21,
                "page_number": null,
                "location": "chunk 1, lines 1-1",
                "heading": true,
                "text": "# Disposable QA Notes",
                "evidence": "# Disposable QA Notes"
              },
              {
                "id": "file-aa7d93621c477b171a32b9a2aceb94848c09b30ba460fef807081351cd7b9209:S1:C2",
                "ref": "S1:C2",
                "chunk_ref": "S1:C2",
                "source_ref": "S1",
                "chunk_number": 2,
                "stable_chunk_key": "7761547e5cd7b7a26d2f9d3f78c9ee94fbb94ae8",
                "line_start": 3,
                "line_end": 4,
                "char_start": 23,
                "char_end": 111,
                "page_number": null,
                "location": "chunk 2, lines 3-4",
                "heading": false,
                "text": "This folder is for validation only.\nIt mentions supplier intake and progress visibility.",
                "evidence": "This folder is for validation only. It mentions supplier intake and progress visibility."
              }
            ]
          }
        ],
        "citation_coverage_score": 1,
        "weak_source_warning": false,
        "content_hash": "9f4ecc8d5a153db50c0f2e49d7aef0b2637f3792",
        "source_fingerprint": "9fc2cc26a3ecf9362d70b190a692fa90776b53fb",
        "updated_at": "2026-06-25T23:20:23.745Z"
      },
      {
        "id": "file-93b3acec59dfc0bfa4da75df429142e3a646f59e6d0bbe3355d22efb831c2edb",
        "title": "supplier-contract.txt",
        "slug": "file-supplier-contract-txt-93b3acec",
        "page_type": "file",
        "category": "Legal & Compliance",
        "subcategory": "legal",
        "summary": "EverythingAI disposable QA supplier contract. Supplier onboarding checklist. Batch approval validation. Recovery trash restore validation.",
        "markdown": "# supplier-contract.txt\n\n> EverythingAI disposable QA supplier contract. Supplier onboarding checklist. Batch approval validation. Recovery trash restore validation.\n\n## Contents\n\n- [[Document Content]]\n- [[About This Document]]\n- [[Extracted Entities]]\n- [[Related Pages]]\n- [[Sources]]\n\n## Document Content\n\nEverythingAI disposable QA supplier contract.\nSupplier onboarding checklist.\nBatch approval validation.\nRecovery trash restore validation. **[S1:C1]**\n\n## About This Document\n\n| Field | Value |\n| --- | --- |\n| Category | Legal & Compliance |\n| Subcategory | legal |\n| AI classification | legal |\n| Content control | source-backed extracted content |\n| Generated | 2026-06-25T23:20:23.753Z |\n\n## Extracted Entities\n\n| Entity group | Value |\n| --- | --- |\n| names | Supplier |\n| names | Batch |\n| names | Recovery |\n\n## Related Pages\n\n- [[Legal & Compliance]]\n- [[legal]]\n\n## Sources\n\n- [S1] **supplier-contract.txt** — extracted document content\n\n## Source Locations\n\n- [S1:C1] supplier-contract.txt — chunk 1, lines 1-4\n\n## Evidence Snippets\n\n### [S1] supplier-contract.txt\n\n> EverythingAI disposable QA supplier contract. Supplier onboarding checklist. Batch approval validation. Recovery trash restore validation.",
        "source_file_ids": [
          "93b3acec59dfc0bfa4da75df429142e3a646f59e6d0bbe3355d22efb831c2edb"
        ],
        "related_topics": [],
        "related_pages": [
          {
            "id": "category-legal-compliance",
            "title": "Legal & Compliance",
            "slug": "category-legal-compliance",
            "relation_type": "semantic",
            "score": null,
            "evidence": []
          },
          {
            "id": "topic-legal-compliance-legal",
            "title": "legal",
            "slug": "topic-legal-compliance-legal",
            "relation_type": "semantic",
            "score": null,
            "evidence": []
          }
        ],
        "sections": [
          {
            "id": "file-93b3acec59dfc0bfa4da75df429142e3a646f59e6d0bbe3355d22efb831c2edb:section:1",
            "section_key": "1-supplier-contract-txt",
            "heading": "supplier-contract.txt",
            "heading_level": 1,
            "body_markdown": "# supplier-contract.txt\n\n> EverythingAI disposable QA supplier contract. Supplier onboarding checklist. Batch approval validation. Recovery trash restore validation.",
            "order_index": 1,
            "content_hash": "81636ea1bb49e9d1341f7c17ab29cb1cbcaf690c"
          },
          {
            "id": "file-93b3acec59dfc0bfa4da75df429142e3a646f59e6d0bbe3355d22efb831c2edb:section:2",
            "section_key": "2-contents",
            "heading": "Contents",
            "heading_level": 2,
            "body_markdown": "## Contents\n\n- [[Document Content]]\n- [[About This Document]]\n- [[Extracted Entities]]\n- [[Related Pages]]\n- [[Sources]]",
            "order_index": 2,
            "content_hash": "dbe6d10a407b0a38aebcd09ec5721b9f7f05c10a"
          },
          {
            "id": "file-93b3acec59dfc0bfa4da75df429142e3a646f59e6d0bbe3355d22efb831c2edb:section:3",
            "section_key": "3-document-content",
            "heading": "Document Content",
            "heading_level": 2,
            "body_markdown": "## Document Content\n\nEverythingAI disposable QA supplier contract.\nSupplier onboarding checklist.\nBatch approval validation.\nRecovery trash restore validation. **[S1:C1]**",
            "order_index": 3,
            "content_hash": "ca45b1aa84cdf96b07cfe00e3dfcf20381180403"
          },
          {
            "id": "file-93b3acec59dfc0bfa4da75df429142e3a646f59e6d0bbe3355d22efb831c2edb:section:4",
            "section_key": "4-about-this-document",
            "heading": "About This Document",
            "heading_level": 2,
            "body_markdown": "## About This Document\n\n| Field | Value |\n| --- | --- |\n| Category | Legal & Compliance |\n| Subcategory | legal |\n| AI classification | legal |\n| Content control | source-backed extracted content |\n| Generated | 2026-06-25T23:20:23.753Z |",
            "order_index": 4,
            "content_hash": "242d50947f63bf6fc3f12f2fe897646c4b985f81"
          },
          {
            "id": "file-93b3acec59dfc0bfa4da75df429142e3a646f59e6d0bbe3355d22efb831c2edb:section:5",
            "section_key": "5-extracted-entities",
            "heading": "Extracted Entities",
            "heading_level": 2,
            "body_markdown": "## Extracted Entities\n\n| Entity group | Value |\n| --- | --- |\n| names | Supplier |\n| names | Batch |\n| names | Recovery |",
            "order_index": 5,
            "content_hash": "713f2ac4a488fc96ccb3dd630f28c7879ac9ab30"
          },
          {
            "id": "file-93b3acec59dfc0bfa4da75df429142e3a646f59e6d0bbe3355d22efb831c2edb:section:6",
            "section_key": "6-related-pages",
            "heading": "Related Pages",
            "heading_level": 2,
            "body_markdown": "## Related Pages\n\n- [[Legal & Compliance]]\n- [[legal]]",
            "order_index": 6,
            "content_hash": "13d565a992fa8435fdeb06d44cd22336f0c4f3b2"
          },
          {
            "id": "file-93b3acec59dfc0bfa4da75df429142e3a646f59e6d0bbe3355d22efb831c2edb:section:7",
            "section_key": "7-sources",
            "heading": "Sources",
            "heading_level": 2,
            "body_markdown": "## Sources\n\n- [S1] **supplier-contract.txt** — extracted document content",
            "order_index": 7,
            "content_hash": "b7b50d337bb4349660fa9d89fefeeefc2acc0528"
          },
          {
            "id": "file-93b3acec59dfc0bfa4da75df429142e3a646f59e6d0bbe3355d22efb831c2edb:section:8",
            "section_key": "8-source-locations",
            "heading": "Source Locations",
            "heading_level": 2,
            "body_markdown": "## Source Locations\n\n- [S1:C1] supplier-contract.txt — chunk 1, lines 1-4",
            "order_index": 8,
            "content_hash": "0ef1f357dccfca524af2bc4431ad40de2fd9ef43"
          },
          {
            "id": "file-93b3acec59dfc0bfa4da75df429142e3a646f59e6d0bbe3355d22efb831c2edb:section:9",
            "section_key": "9-evidence-snippets",
            "heading": "Evidence Snippets",
            "heading_level": 2,
            "body_markdown": "## Evidence Snippets",
            "order_index": 9,
            "content_hash": "9969b6f6b13794dbbe400542299d431322b6730d"
          },
          {
            "id": "file-93b3acec59dfc0bfa4da75df429142e3a646f59e6d0bbe3355d22efb831c2edb:section:10",
            "section_key": "10-s1-supplier-contract-txt",
            "heading": "[S1] supplier-contract.txt",
            "heading_level": 3,
            "body_markdown": "### [S1] supplier-contract.txt\n\n> EverythingAI disposable QA supplier contract. Supplier onboarding checklist. Batch approval validation. Recovery trash restore validation.",
            "order_index": 10,
            "content_hash": "810fa14b5bca6059cfbe31a4f64e191a980b34b4"
          }
        ],
        "sources": [
          {
            "id": "file-93b3acec59dfc0bfa4da75df429142e3a646f59e6d0bbe3355d22efb831c2edb:S1",
            "ref": "S1",
            "source_ref": "S1",
            "file_id": "93b3acec59dfc0bfa4da75df429142e3a646f59e6d0bbe3355d22efb831c2edb",
            "filename": "supplier-contract.txt",
            "absolute_path": "/tmp/eai-task-024.Cxsuql/disposable-alpha/supplier-contract.txt",
            "relative_path": null,
            "location": "extracted document content",
            "evidence": "EverythingAI disposable QA supplier contract. Supplier onboarding checklist. Batch approval validation. Recovery trash restore validation.",
            "source_hash": "96a3b5618f6775fd6c8d7f8fa266ed120aec8434",
            "chunks": [
              {
                "id": "file-93b3acec59dfc0bfa4da75df429142e3a646f59e6d0bbe3355d22efb831c2edb:S1:C1",
                "ref": "S1:C1",
                "chunk_ref": "S1:C1",
                "source_ref": "S1",
                "chunk_number": 1,
                "stable_chunk_key": "eb43b623be6cf089cb15a7350cd8452f7509d6a1",
                "line_start": 1,
                "line_end": 4,
                "char_start": null,
                "char_end": 138,
                "page_number": null,
                "location": "chunk 1, lines 1-4",
                "heading": false,
                "text": "EverythingAI disposable QA supplier contract.\nSupplier onboarding checklist.\nBatch approval validation.\nRecovery trash restore validation.",
                "evidence": "EverythingAI disposable QA supplier contract. Supplier onboarding checklist. Batch approval validation. Recovery trash restore validation."
              }
            ]
          }
        ],
        "citation_coverage_score": 1,
        "weak_source_warning": false,
        "content_hash": "7f561c47573f622124d3b0968f9bc63fe79c4231",
        "source_fingerprint": "0d4a7f2588126588c3840edd1b212ecc306036e1",
        "updated_at": "2026-06-25T23:20:23.753Z"
      }
    ]
  }
}
:: wiki-evidence :: status=200
{
  "evidence": {
    "page": {
      "id": "workspace-overview",
      "slug": "workspace-overview",
      "title": "Workspace Overview",
      "page_type": "system",
      "category": "Filebase Intelligence",
      "subcategory": "Workspace Summary",
      "citation_coverage_score": 1,
      "weak_source_warning": 0,
      "updated_at": "2026-06-25T23:20:23.759Z"
    },
    "sections": [
      {
        "id": "workspace-overview:section:1",
        "page_id": "workspace-overview",
        "section_key": "1-workspace-overview",
        "heading": "Workspace Overview",
        "heading_level": 1,
        "body_markdown": "# Workspace Overview\n\n> This wiki contains source-backed pages generated from 3 indexed file(s).",
        "order_index": 1,
        "content_hash": "7db8caa8640da47998d76deb2fd43feabcf8ac22",
        "created_at": "2026-06-25T23:20:23.759Z",
        "updated_at": "2026-06-25T23:20:23.759Z"
      },
      {
        "id": "workspace-overview:section:2",
        "page_id": "workspace-overview",
        "section_key": "2-contents",
        "heading": "Contents",
        "heading_level": 2,
        "body_markdown": "## Contents\n\n- [[Knowledge Categories]]\n- [[Document Overview]]\n- [[How to Use This Wiki]]\n- [[Sources]]",
        "order_index": 2,
        "content_hash": "5aa47cfbdf0d630f13a7ace25c5704908a1d08e5",
        "created_at": "2026-06-25T23:20:23.759Z",
        "updated_at": "2026-06-25T23:20:23.759Z"
      },
      {
        "id": "workspace-overview:section:3",
        "page_id": "workspace-overview",
        "section_key": "3-knowledge-categories",
        "heading": "Knowledge Categories",
        "heading_level": 2,
        "body_markdown": "## Knowledge Categories\n\n| Category | Documents |\n| --- | --- |\n| Legal & Compliance | 1 document(s) |\n| Projects & Planning | 1 document(s) |",
        "order_index": 3,
        "content_hash": "d7bb79010f38120a715983a6698e7bc1416053f7",
        "created_at": "2026-06-25T23:20:23.759Z",
        "updated_at": "2026-06-25T23:20:23.759Z"
      },
      {
        "id": "workspace-overview:section:4",
        "page_id": "workspace-overview",
        "section_key": "4-document-overview",
        "heading": "Document Overview",
        "heading_level": 2,
        "body_markdown": "## Document Overview\n\n| Document | Category | Source-backed content | Source |\n| --- | --- | --- | --- |\n| supplier-contract.txt | Legal & Compliance | EverythingAI disposable QA supplier contract. Supplier onboarding checklist. Batch approval validation. Recovery trash restore validation. | [S1:C1] |\n| project-notes.md | Projects & Planning | # Disposable QA Notes | [S2:C1] |",
        "order_index": 4,
        "content_hash": "4f40e716e690cbd77e1ca0a3ac7b6d232a9ee3f2",
        "created_at": "2026-06-25T23:20:23.759Z",
        "updated_at": "2026-06-25T23:20:23.759Z"
      },
      {
        "id": "workspace-overview:section:5",
        "page_id": "workspace-overview",
        "section_key": "5-how-to-use-this-wiki",
        "heading": "How to Use This Wiki",
        "heading_level": 2,
        "body_markdown": "## How to Use This Wiki\n\nOpen a category, then a topic, then a source-backed file page. File pages prioritize extracted document content. Source markers such as **[S1:C3]** connect text back to a specific generated source chunk. Metadata is separated from document body content.",
        "order_index": 5,
        "content_hash": "347853809c1bcba4e881e44e1ee95e769770fc0e",
        "created_at": "2026-06-25T23:20:23.759Z",
        "updated_at": "2026-06-25T23:20:23.759Z"
      },
      {
        "id": "workspace-overview:section:6",
        "page_id": "workspace-overview",
        "section_key": "6-sources",
        "heading": "Sources",
        "heading_level": 2,
        "body_markdown": "## Sources\n\n- [S1] **supplier-contract.txt** — extracted document content\n- [S2] **project-notes.md** — extracted document content",
        "order_index": 6,
        "content_hash": "70452b75267cefc9b882c118e5672fc5b85242e8",
        "created_at": "2026-06-25T23:20:23.759Z",
        "updated_at": "2026-06-25T23:20:23.759Z"
      },
      {
        "id": "workspace-overview:section:7",
        "page_id": "workspace-overview",
        "section_key": "7-source-locations",
        "heading": "Source Locations",
        "heading_level": 2,
        "body_markdown": "## Source Locations\n\n- [S1:C1] supplier-contract.txt — chunk 1, lines 1-4\n- [S2:C1] project-notes.md — chunk 1, lines 1-1\n- [S2:C2] project-notes.md — chunk 2, lines 3-4",
        "order_index": 7,
        "content_hash": "af6ca9b84085d70727277357d453cdcfb2bff709",
        "created_at": "2026-06-25T23:20:23.759Z",
        "updated_at": "2026-06-25T23:20:23.759Z"
      },
      {
        "id": "workspace-overview:section:8",
        "page_id": "workspace-overview",
        "section_key": "8-evidence-snippets",
        "heading": "Evidence Snippets",
        "heading_level": 2,
        "body_markdown": "## Evidence Snippets",
        "order_index": 8,
        "content_hash": "9969b6f6b13794dbbe400542299d431322b6730d",
        "created_at": "2026-06-25T23:20:23.759Z",
        "updated_at": "2026-06-25T23:20:23.759Z"
      },
      {
        "id": "workspace-overview:section:9",
        "page_id": "workspace-overview",
        "section_key": "9-s1-supplier-contract-txt",
        "heading": "[S1] supplier-contract.txt",
        "heading_level": 3,
        "body_markdown": "### [S1] supplier-contract.txt\n\n> EverythingAI disposable QA supplier contract. Supplier onboarding checklist. Batch approval validation. Recovery trash restore validation.",
        "order_index": 9,
        "content_hash": "810fa14b5bca6059cfbe31a4f64e191a980b34b4",
        "created_at": "2026-06-25T23:20:23.759Z",
        "updated_at": "2026-06-25T23:20:23.759Z"
      },
      {
        "id": "workspace-overview:section:10",
        "page_id": "workspace-overview",
        "section_key": "10-s2-project-notes-md",
        "heading": "[S2] project-notes.md",
        "heading_level": 3,
        "body_markdown": "### [S2] project-notes.md\n\n> # Disposable QA Notes This folder is for validation only. It mentions supplier intake and progress visibility.",
        "order_index": 10,
        "content_hash": "4d785ab87af8344a0cba34c7380c5dfce1e54f4c",
        "created_at": "2026-06-25T23:20:23.759Z",
        "updated_at": "2026-06-25T23:20:23.759Z"
      }
    ],
    "sources": [
      {
        "id": "workspace-overview:S1",
        "page_id": "workspace-overview",
        "file_id": "93b3acec59dfc0bfa4da75df429142e3a646f59e6d0bbe3355d22efb831c2edb",
        "source_ref": "S1",
        "filename": "supplier-contract.txt",
        "absolute_path": "/tmp/eai-task-024.Cxsuql/disposable-alpha/supplier-contract.txt",
        "relative_path": null,
        "location": "extracted document content",
        "evidence": "EverythingAI disposable QA supplier contract. Supplier onboarding checklist. Batch approval validation. Recovery trash restore validation.",
        "source_order": 1,
        "source_hash": "96a3b5618f6775fd6c8d7f8fa266ed120aec8434",
        "created_at": "2026-06-25T23:20:23.759Z",
        "updated_at": "2026-06-25T23:20:23.759Z"
      },
      {
        "id": "workspace-overview:S2",
        "page_id": "workspace-overview",
        "file_id": "aa7d93621c477b171a32b9a2aceb94848c09b30ba460fef807081351cd7b9209",
        "source_ref": "S2",
        "filename": "project-notes.md",
        "absolute_path": "/tmp/eai-task-024.Cxsuql/disposable-alpha/project-notes.md",
        "relative_path": null,
        "location": "extracted document content",
        "evidence": "# Disposable QA Notes This folder is for validation only. It mentions supplier intake and progress visibility.",
        "source_order": 2,
        "source_hash": "35938a9ac110f29d6d09756803705547cf1652cc",
        "created_at": "2026-06-25T23:20:23.759Z",
        "updated_at": "2026-06-25T23:20:23.759Z"
      }
    ],
    "chunks": [
      {
        "id": "workspace-overview:S1:C1",
        "page_id": "workspace-overview",
        "page_source_id": "workspace-overview:S1",
        "file_id": "93b3acec59dfc0bfa4da75df429142e3a646f59e6d0bbe3355d22efb831c2edb",
        "source_ref": "S1",
        "chunk_ref": "S1:C1",
        "chunk_number": 1,
        "stable_chunk_key": "eb43b623be6cf089cb15a7350cd8452f7509d6a1",
        "heading": null,
        "text": "EverythingAI disposable QA supplier contract.\nSupplier onboarding checklist.\nBatch approval validation.\nRecovery trash restore validation.",
        "evidence": "EverythingAI disposable QA supplier contract. Supplier onboarding checklist. Batch approval validation. Recovery trash restore validation.",
        "location": "chunk 1, lines 1-4",
        "line_start": 1,
        "line_end": 4,
        "char_start": null,
        "char_end": 138,
        "page_number": null,
        "content_hash": "05e87d2f3c3c574ebd910f181e9df1056a17b771",
        "created_at": "2026-06-25T23:20:23.759Z",
        "updated_at": "2026-06-25T23:20:23.759Z"
      },
      {
        "id": "workspace-overview:S2:C1",
        "page_id": "workspace-overview",
        "page_source_id": "workspace-overview:S2",
        "file_id": "aa7d93621c477b171a32b9a2aceb94848c09b30ba460fef807081351cd7b9209",
        "source_ref": "S2",
        "chunk_ref": "S2:C1",
        "chunk_number": 1,
        "stable_chunk_key": "5f4ec50fdb3b38cd65abec10799c6f50f493a521",
        "heading": "true",
        "text": "# Disposable QA Notes",
        "evidence": "# Disposable QA Notes",
        "location": "chunk 1, lines 1-1",
        "line_start": 1,
        "line_end": 1,
        "char_start": null,
        "char_end": 21,
        "page_number": null,
        "content_hash": "1e0c6dcba60a918be1acd89fdd0620b47ed97d6a",
        "created_at": "2026-06-25T23:20:23.759Z",
        "updated_at": "2026-06-25T23:20:23.759Z"
      },
      {
        "id": "workspace-overview:S2:C2",
        "page_id": "workspace-overview",
        "page_source_id": "workspace-overview:S2",
        "file_id": "aa7d93621c477b171a32b9a2aceb94848c09b30ba460fef807081351cd7b9209",
        "source_ref": "S2",
        "chunk_ref": "S2:C2",
        "chunk_number": 2,
        "stable_chunk_key": "cbb982434bcc089b051f4efa2220cba20fd52598",
        "heading": null,
        "text": "This folder is for validation only.\nIt mentions supplier intake and progress visibility.",
        "evidence": "This folder is for validation only. It mentions supplier intake and progress visibility.",
        "location": "chunk 2, lines 3-4",
        "line_start": 3,
        "line_end": 4,
        "char_start": 23,
        "char_end": 111,
        "page_number": null,
        "content_hash": "5aab212d352b86bc41ca2e04c0bc21e9fb94803e",
        "created_at": "2026-06-25T23:20:23.759Z",
        "updated_at": "2026-06-25T23:20:23.759Z"
      }
    ],
    "relations": []
  }
}
:: wiki-validation-preview :: status=200
{
  "preview": {
    "page_id": "workspace-overview",
    "page_title": "Workspace Overview",
    "mode": "structural",
    "status": "passed",
    "confidence_score": 0,
    "support_score": 1,
    "risk_score": 0,
    "recommendation": "pass",
    "issues": [],
    "summary": "Read-only structural preview based on 2 source record(s), 3 evidence chunk(s), and citation coverage 1.",
    "authority": "advisory",
    "persisted": false
  }
}
:: wiki-page :: status=200
{
  "page": {
    "id": "workspace-overview",
    "title": "Workspace Overview",
    "slug": "workspace-overview",
    "page_type": "system",
    "category": "Filebase Intelligence",
    "subcategory": "Workspace Summary",
    "summary": "Overview of 3 indexed file(s), focused on source-backed content discovery.",
    "markdown": "# Workspace Overview\n\n> This wiki contains source-backed pages generated from 3 indexed file(s).\n\n## Contents\n\n- [[Knowledge Categories]]\n- [[Document Overview]]\n- [[How to Use This Wiki]]\n- [[Sources]]\n\n## Knowledge Categories\n\n| Category | Documents |\n| --- | --- |\n| Legal & Compliance | 1 document(s) |\n| Projects & Planning | 1 document(s) |\n\n## Document Overview\n\n| Document | Category | Source-backed content | Source |\n| --- | --- | --- | --- |\n| supplier-contract.txt | Legal & Compliance | EverythingAI disposable QA supplier contract. Supplier onboarding checklist. Batch approval validation. Recovery trash restore validation. | [S1:C1] |\n| project-notes.md | Projects & Planning | # Disposable QA Notes | [S2:C1] |\n\n## How to Use This Wiki\n\nOpen a category, then a topic, then a source-backed file page. File pages prioritize extracted document content. Source markers such as **[S1:C3]** connect text back to a specific generated source chunk. Metadata is separated from document body content.\n\n## Sources\n\n- [S1] **supplier-contract.txt** — extracted document content\n- [S2] **project-notes.md** — extracted document content\n\n## Source Locations\n\n- [S1:C1] supplier-contract.txt — chunk 1, lines 1-4\n- [S2:C1] project-notes.md — chunk 1, lines 1-1\n- [S2:C2] project-notes.md — chunk 2, lines 3-4\n\n## Evidence Snippets\n\n### [S1] supplier-contract.txt\n\n> EverythingAI disposable QA supplier contract. Supplier onboarding checklist. Batch approval validation. Recovery trash restore validation.\n### [S2] project-notes.md\n\n> # Disposable QA Notes This folder is for validation only. It mentions supplier intake and progress visibility.",
    "source_file_ids": [
      "93b3acec59dfc0bfa4da75df429142e3a646f59e6d0bbe3355d22efb831c2edb",
      "aa7d93621c477b171a32b9a2aceb94848c09b30ba460fef807081351cd7b9209"
    ],
    "related_topics": [],
    "related_pages": [],
    "sections": [
      {
        "id": "workspace-overview:section:1",
        "section_key": "1-workspace-overview",
        "heading": "Workspace Overview",
        "heading_level": 1,
        "body_markdown": "# Workspace Overview\n\n> This wiki contains source-backed pages generated from 3 indexed file(s).",
        "order_index": 1,
        "content_hash": "7db8caa8640da47998d76deb2fd43feabcf8ac22"
      },
      {
        "id": "workspace-overview:section:2",
        "section_key": "2-contents",
        "heading": "Contents",
        "heading_level": 2,
        "body_markdown": "## Contents\n\n- [[Knowledge Categories]]\n- [[Document Overview]]\n- [[How to Use This Wiki]]\n- [[Sources]]",
        "order_index": 2,
        "content_hash": "5aa47cfbdf0d630f13a7ace25c5704908a1d08e5"
      },
      {
        "id": "workspace-overview:section:3",
        "section_key": "3-knowledge-categories",
        "heading": "Knowledge Categories",
        "heading_level": 2,
        "body_markdown": "## Knowledge Categories\n\n| Category | Documents |\n| --- | --- |\n| Legal & Compliance | 1 document(s) |\n| Projects & Planning | 1 document(s) |",
        "order_index": 3,
        "content_hash": "d7bb79010f38120a715983a6698e7bc1416053f7"
      },
      {
        "id": "workspace-overview:section:4",
        "section_key": "4-document-overview",
        "heading": "Document Overview",
        "heading_level": 2,
        "body_markdown": "## Document Overview\n\n| Document | Category | Source-backed content | Source |\n| --- | --- | --- | --- |\n| supplier-contract.txt | Legal & Compliance | EverythingAI disposable QA supplier contract. Supplier onboarding checklist. Batch approval validation. Recovery trash restore validation. | [S1:C1] |\n| project-notes.md | Projects & Planning | # Disposable QA Notes | [S2:C1] |",
        "order_index": 4,
        "content_hash": "4f40e716e690cbd77e1ca0a3ac7b6d232a9ee3f2"
      },
      {
        "id": "workspace-overview:section:5",
        "section_key": "5-how-to-use-this-wiki",
        "heading": "How to Use This Wiki",
        "heading_level": 2,
        "body_markdown": "## How to Use This Wiki\n\nOpen a category, then a topic, then a source-backed file page. File pages prioritize extracted document content. Source markers such as **[S1:C3]** connect text back to a specific generated source chunk. Metadata is separated from document body content.",
        "order_index": 5,
        "content_hash": "347853809c1bcba4e881e44e1ee95e769770fc0e"
      },
      {
        "id": "workspace-overview:section:6",
        "section_key": "6-sources",
        "heading": "Sources",
        "heading_level": 2,
        "body_markdown": "## Sources\n\n- [S1] **supplier-contract.txt** — extracted document content\n- [S2] **project-notes.md** — extracted document content",
        "order_index": 6,
        "content_hash": "70452b75267cefc9b882c118e5672fc5b85242e8"
      },
      {
        "id": "workspace-overview:section:7",
        "section_key": "7-source-locations",
        "heading": "Source Locations",
        "heading_level": 2,
        "body_markdown": "## Source Locations\n\n- [S1:C1] supplier-contract.txt — chunk 1, lines 1-4\n- [S2:C1] project-notes.md — chunk 1, lines 1-1\n- [S2:C2] project-notes.md — chunk 2, lines 3-4",
        "order_index": 7,
        "content_hash": "af6ca9b84085d70727277357d453cdcfb2bff709"
      },
      {
        "id": "workspace-overview:section:8",
        "section_key": "8-evidence-snippets",
        "heading": "Evidence Snippets",
        "heading_level": 2,
        "body_markdown": "## Evidence Snippets",
        "order_index": 8,
        "content_hash": "9969b6f6b13794dbbe400542299d431322b6730d"
      },
      {
        "id": "workspace-overview:section:9",
        "section_key": "9-s1-supplier-contract-txt",
        "heading": "[S1] supplier-contract.txt",
        "heading_level": 3,
        "body_markdown": "### [S1] supplier-contract.txt\n\n> EverythingAI disposable QA supplier contract. Supplier onboarding checklist. Batch approval validation. Recovery trash restore validation.",
        "order_index": 9,
        "content_hash": "810fa14b5bca6059cfbe31a4f64e191a980b34b4"
      },
      {
        "id": "workspace-overview:section:10",
        "section_key": "10-s2-project-notes-md",
        "heading": "[S2] project-notes.md",
        "heading_level": 3,
        "body_markdown": "### [S2] project-notes.md\n\n> # Disposable QA Notes This folder is for validation only. It mentions supplier intake and progress visibility.",
        "order_index": 10,
        "content_hash": "4d785ab87af8344a0cba34c7380c5dfce1e54f4c"
      }
    ],
    "sources": [
      {
        "id": "workspace-overview:S1",
        "ref": "S1",
        "source_ref": "S1",
        "file_id": "93b3acec59dfc0bfa4da75df429142e3a646f59e6d0bbe3355d22efb831c2edb",
        "filename": "supplier-contract.txt",
        "absolute_path": "/tmp/eai-task-024.Cxsuql/disposable-alpha/supplier-contract.txt",
        "relative_path": null,
        "location": "extracted document content",
        "evidence": "EverythingAI disposable QA supplier contract. Supplier onboarding checklist. Batch approval validation. Recovery trash restore validation.",
        "source_hash": "96a3b5618f6775fd6c8d7f8fa266ed120aec8434",
        "chunks": [
          {
            "id": "workspace-overview:S1:C1",
            "ref": "S1:C1",
            "chunk_ref": "S1:C1",
            "source_ref": "S1",
            "chunk_number": 1,
            "stable_chunk_key": "eb43b623be6cf089cb15a7350cd8452f7509d6a1",
            "line_start": 1,
            "line_end": 4,
            "char_start": null,
            "char_end": 138,
            "page_number": null,
            "location": "chunk 1, lines 1-4",
            "heading": false,
            "text": "EverythingAI disposable QA supplier contract.\nSupplier onboarding checklist.\nBatch approval validation.\nRecovery trash restore validation.",
            "evidence": "EverythingAI disposable QA supplier contract. Supplier onboarding checklist. Batch approval validation. Recovery trash restore validation."
          }
        ]
      },
      {
        "id": "workspace-overview:S2",
        "ref": "S2",
        "source_ref": "S2",
        "file_id": "aa7d93621c477b171a32b9a2aceb94848c09b30ba460fef807081351cd7b9209",
        "filename": "project-notes.md",
        "absolute_path": "/tmp/eai-task-024.Cxsuql/disposable-alpha/project-notes.md",
        "relative_path": null,
        "location": "extracted document content",
        "evidence": "# Disposable QA Notes This folder is for validation only. It mentions supplier intake and progress visibility.",
        "source_hash": "35938a9ac110f29d6d09756803705547cf1652cc",
        "chunks": [
          {
            "id": "workspace-overview:S2:C1",
            "ref": "S2:C1",
            "chunk_ref": "S2:C1",
            "source_ref": "S2",
            "chunk_number": 1,
            "stable_chunk_key": "5f4ec50fdb3b38cd65abec10799c6f50f493a521",
            "line_start": 1,
            "line_end": 1,
            "char_start": null,
            "char_end": 21,
            "page_number": null,
            "location": "chunk 1, lines 1-1",
            "heading": true,
            "text": "# Disposable QA Notes",
            "evidence": "# Disposable QA Notes"
          },
          {
            "id": "workspace-overview:S2:C2",
            "ref": "S2:C2",
            "chunk_ref": "S2:C2",
            "source_ref": "S2",
            "chunk_number": 2,
            "stable_chunk_key": "cbb982434bcc089b051f4efa2220cba20fd52598",
            "line_start": 3,
            "line_end": 4,
            "char_start": 23,
            "char_end": 111,
            "page_number": null,
            "location": "chunk 2, lines 3-4",
            "heading": false,
            "text": "This folder is for validation only.\nIt mentions supplier intake and progress visibility.",
            "evidence": "This folder is for validation only. It mentions supplier intake and progress visibility."
          }
        ]
      }
    ],
    "citation_coverage_score": 1,
    "weak_source_warning": false,
    "content_hash": "3b9588d5a5a2a74862c0ceaea5f9ee61e1668729",
    "source_fingerprint": "1632e2210dbb165977577b96d85f9a501871a0bc",
    "updated_at": "2026-06-25T23:20:23.759Z"
  }
}
:: wiki-diagnostics :: status=200
{
  "diagnostics": {
    "generated_at": "2026-06-25T23:20:23.914Z",
    "page_stats": {
      "total_pages": 7,
      "active_pages": 7,
      "stale_pages": 0,
      "failed_pages": 0,
      "archived_pages": 0
    },
    "evidence_stats": {
      "section_count": 72,
      "source_count": 8,
      "chunk_count": 12,
      "relation_count": 8
    },
    "workspace_trust_health": {
      "status": "healthy",
      "quality_score": 100,
      "quality_grade": "A",
      "page_count": 7,
      "grade_counts": {
        "A": 7,
        "B": 0,
        "C": 0,
        "D": 0,
        "F": 0
      },
      "reasons": [
        "7 page quality signal(s) evaluated.",
        "Average page quality score is 100/100.",
        "All evaluated pages are currently in A/B trust range."
      ]
    },
    "validation_summary": {
      "status": "incomplete",
      "page_count": 7,
      "counts": {
        "unreviewed": 7,
        "reviewed": 0,
        "approved": 0,
        "needs_attention": 0,
        "rejected": 0
      },
      "conflict_count": 0,
      "review_candidate_count": 7,
      "conflicts": [],
      "review_candidates": [
        {
          "page_id": "category-legal-compliance",
          "title": "Legal & Compliance",
          "quality_grade": "A",
          "quality_score": 100,
          "human_validation": "unreviewed",
          "flags": {
            "high_quality_unreviewed": true,
            "high_quality_rejected": false,
            "high_quality_attention": false,
            "low_quality_approved": false
          }
        },
        {
          "page_id": "category-projects-planning",
          "title": "Projects & Planning",
          "quality_grade": "A",
          "quality_score": 100,
          "human_validation": "unreviewed",
          "flags": {
            "high_quality_unreviewed": true,
            "high_quality_rejected": false,
            "high_quality_attention": false,
            "low_quality_approved": false
          }
        },
        {
          "page_id": "workspace-overview",
          "title": "Workspace Overview",
          "quality_grade": "A",
          "quality_score": 100,
          "human_validation": "unreviewed",
          "flags": {
            "high_quality_unreviewed": true,
            "high_quality_rejected": false,
            "high_quality_attention": false,
            "low_quality_approved": false
          }
        },
        {
          "page_id": "topic-legal-compliance-legal",
          "title": "legal",
          "quality_grade": "A",
          "quality_score": 100,
          "human_validation": "unreviewed",
          "flags": {
            "high_quality_unreviewed": true,
            "high_quality_rejected": false,
            "high_quality_attention": false,
            "low_quality_approved": false
          }
        },
        {
          "page_id": "topic-projects-planning-project",
          "title": "project",
          "quality_grade": "A",
          "quality_score": 100,
          "human_validation": "unreviewed",
          "flags": {
            "high_quality_unreviewed": true,
            "high_quality_rejected": false,
            "high_quality_attention": false,
            "low_quality_approved": false
          }
        },
        {
          "page_id": "file-aa7d93621c477b171a32b9a2aceb94848c09b30ba460fef807081351cd7b9209",
          "title": "project-notes.md",
          "quality_grade": "A",
          "quality_score": 100,
          "human_validation": "unreviewed",
          "flags": {
            "high_quality_unreviewed": true,
            "high_quality_rejected": false,
            "high_quality_attention": false,
            "low_quality_approved": false
          }
        },
        {
          "page_id": "file-93b3acec59dfc0bfa4da75df429142e3a646f59e6d0bbe3355d22efb831c2edb",
          "title": "supplier-contract.txt",
          "quality_grade": "A",
          "quality_score": 100,
          "human_validation": "unreviewed",
          "flags": {
            "high_quality_unreviewed": true,
            "high_quality_rejected": false,
            "high_quality_attention": false,
            "low_quality_approved": false
          }
        }
      ],
      "reasons": [
        "7 page(s) included in validation visibility.",
        "0 page(s) have a stored human validation record.",
        "7 page(s) are still unreviewed.",
        "7 high-quality page(s) are review candidates."
      ]
    },
    "quality_summary": [
      {
        "page_id": "category-legal-compliance",
        "slug": "category-legal-compliance",
        "title": "Legal & Compliance",
        "page_type": "category",
        "status": "active",
        "quality_score": 100,
        "quality_grade": "A",
        "source_count": 1,
        "chunk_count": 1,
        "dependency_count": 1,
        "citation_coverage_score": 1,
        "weak_source_warning": false,
        "validation_state": {
          "source_validation": "supported",
          "runtime_validation": "healthy",
          "ai_validation": "not_started",
          "human_validation": "unreviewed"
        },
        "governance_flags": {
          "high_quality_unreviewed": true,
          "high_quality_rejected": false,
          "high_quality_attention": false,
          "low_quality_approved": false
        },
        "reasons": [
          "Page is active.",
          "1 source record(s) attached.",
          "1 persisted evidence chunk(s) attached.",
          "1 dependency record(s) attached.",
          "Citation coverage score is acceptable."
        ]
      },
      {
        "page_id": "category-projects-planning",
        "slug": "category-projects-planning",
        "title": "Projects & Planning",
        "page_type": "category",
        "status": "active",
        "quality_score": 100,
        "quality_grade": "A",
        "source_count": 1,
        "chunk_count": 2,
        "dependency_count": 1,
        "citation_coverage_score": 1,
        "weak_source_warning": false,
        "validation_state": {
          "source_validation": "supported",
          "runtime_validation": "healthy",
          "ai_validation": "not_started",
          "human_validation": "unreviewed"
        },
        "governance_flags": {
          "high_quality_unreviewed": true,
          "high_quality_rejected": false,
          "high_quality_attention": false,
          "low_quality_approved": false
        },
        "reasons": [
          "Page is active.",
          "1 source record(s) attached.",
          "2 persisted evidence chunk(s) attached.",
          "1 dependency record(s) attached.",
          "Citation coverage score is acceptable."
        ]
      },
      {
        "page_id": "workspace-overview",
        "slug": "workspace-overview",
        "title": "Workspace Overview",
        "page_type": "system",
        "status": "active",
        "quality_score": 100,
        "quality_grade": "A",
        "source_count": 2,
        "chunk_count": 3,
        "dependency_count": 2,
        "citation_coverage_score": 1,
        "weak_source_warning": false,
        "validation_state": {
          "source_validation": "supported",
          "runtime_validation": "healthy",
          "ai_validation": "not_started",
          "human_validation": "unreviewed"
        },
        "governance_flags": {
          "high_quality_unreviewed": true,
          "high_quality_rejected": false,
          "high_quality_attention": false,
          "low_quality_approved": false
        },
        "reasons": [
          "Page is active.",
          "2 source record(s) attached.",
          "3 persisted evidence chunk(s) attached.",
          "2 dependency record(s) attached.",
          "Citation coverage score is acceptable."
        ]
      },
      {
        "page_id": "topic-legal-compliance-legal",
        "slug": "topic-legal-compliance-legal",
        "title": "legal",
        "page_type": "topic",
        "status": "active",
        "quality_score": 100,
        "quality_grade": "A",
        "source_count": 1,
        "chunk_count": 1,
        "dependency_count": 1,
        "citation_coverage_score": 1,
        "weak_source_warning": false,
        "validation_state": {
          "source_validation": "supported",
          "runtime_validation": "healthy",
          "ai_validation": "not_started",
          "human_validation": "unreviewed"
        },
        "governance_flags": {
          "high_quality_unreviewed": true,
          "high_quality_rejected": false,
          "high_quality_attention": false,
          "low_quality_approved": false
        },
        "reasons": [
          "Page is active.",
          "1 source record(s) attached.",
          "1 persisted evidence chunk(s) attached.",
          "1 dependency record(s) attached.",
          "Citation coverage score is acceptable."
        ]
      },
      {
        "page_id": "topic-projects-planning-project",
        "slug": "topic-projects-planning-project",
        "title": "project",
        "page_type": "topic",
        "status": "active",
        "quality_score": 100,
        "quality_grade": "A",
        "source_count": 1,
        "chunk_count": 2,
        "dependency_count": 1,
        "citation_coverage_score": 1,
        "weak_source_warning": false,
        "validation_state": {
          "source_validation": "supported",
          "runtime_validation": "healthy",
          "ai_validation": "not_started",
          "human_validation": "unreviewed"
        },
        "governance_flags": {
          "high_quality_unreviewed": true,
          "high_quality_rejected": false,
          "high_quality_attention": false,
          "low_quality_approved": false
        },
        "reasons": [
          "Page is active.",
          "1 source record(s) attached.",
          "2 persisted evidence chunk(s) attached.",
          "1 dependency record(s) attached.",
          "Citation coverage score is acceptable."
        ]
      },
      {
        "page_id": "file-aa7d93621c477b171a32b9a2aceb94848c09b30ba460fef807081351cd7b9209",
        "slug": "file-project-notes-md-aa7d9362",
        "title": "project-notes.md",
        "page_type": "file",
        "status": "active",
        "quality_score": 100,
        "quality_grade": "A",
        "source_count": 1,
        "chunk_count": 2,
        "dependency_count": 1,
        "citation_coverage_score": 1,
        "weak_source_warning": false,
        "validation_state": {
          "source_validation": "supported",
          "runtime_validation": "healthy",
          "ai_validation": "not_started",
          "human_validation": "unreviewed"
        },
        "governance_flags": {
          "high_quality_unreviewed": true,
          "high_quality_rejected": false,
          "high_quality_attention": false,
          "low_quality_approved": false
        },
        "reasons": [
          "Page is active.",
          "1 source record(s) attached.",
          "2 persisted evidence chunk(s) attached.",
          "1 dependency record(s) attached.",
          "Citation coverage score is acceptable."
        ]
      },
      {
        "page_id": "file-93b3acec59dfc0bfa4da75df429142e3a646f59e6d0bbe3355d22efb831c2edb",
        "slug": "file-supplier-contract-txt-93b3acec",
        "title": "supplier-contract.txt",
        "page_type": "file",
        "status": "active",
        "quality_score": 100,
        "quality_grade": "A",
        "source_count": 1,
        "chunk_count": 1,
        "dependency_count": 1,
        "citation_coverage_score": 1,
        "weak_source_warning": false,
        "validation_state": {
          "source_validation": "supported",
          "runtime_validation": "healthy",
          "ai_validation": "not_started",
          "human_validation": "unreviewed"
        },
        "governance_flags": {
          "high_quality_unreviewed": true,
          "high_quality_rejected": false,
          "high_quality_attention": false,
          "low_quality_approved": false
        },
        "reasons": [
          "Page is active.",
          "1 source record(s) attached.",
          "1 persisted evidence chunk(s) attached.",
          "1 dependency record(s) attached.",
          "Citation coverage score is acceptable."
        ]
      }
    ],
    "build_state": [
      {
        "key": "last_full_build_at",
        "value": "2026-06-25T23:20:23.802Z",
        "updated_at": "2026-06-25T23:20:23.802Z"
      },
      {
        "key": "last_page_count",
        "value": "7",
        "updated_at": "2026-06-25T23:20:23.804Z"
      }
    ],
    "fingerprints": [
      {
        "file_id": "8040e6be320de2eca1a444f7508762cf2433b0ecbee4fa708661243ca49ac0d7",
        "absolute_path": "/tmp/eai-task-024.Cxsuql/disposable-alpha/unsupported.bin",
        "content_hash": "da39a3ee5e6b4b0d3255bfef95601890afd80709",
        "content_length": 0,
        "extracted_at": "2026-06-25T23:20:23.484Z",
        "updated_at": "2026-06-25T23:20:23.804Z"
      },
      {
        "file_id": "93b3acec59dfc0bfa4da75df429142e3a646f59e6d0bbe3355d22efb831c2edb",
        "absolute_path": "/tmp/eai-task-024.Cxsuql/disposable-alpha/supplier-contract.txt",
        "content_hash": "05e87d2f3c3c574ebd910f181e9df1056a17b771",
        "content_length": 138,
        "extracted_at": "2026-06-25T23:20:23.494Z",
        "updated_at": "2026-06-25T23:20:23.804Z"
      },
      {
        "file_id": "aa7d93621c477b171a32b9a2aceb94848c09b30ba460fef807081351cd7b9209",
        "absolute_path": "/tmp/eai-task-024.Cxsuql/disposable-alpha/project-notes.md",
        "content_hash": "e080748c5de1854c72a6d606aa00ce86264b28e9",
        "content_length": 111,
        "extracted_at": "2026-06-25T23:20:23.497Z",
        "updated_at": "2026-06-25T23:20:23.804Z"
      }
    ],
    "dependencies": [
      {
        "id": "category-legal-compliance:93b3acec59dfc0bfa4da75df429142e3a646f59e6d0bbe3355d22efb831c2edb:S1",
        "page_id": "category-legal-compliance",
        "file_id": "93b3acec59dfc0bfa4da75df429142e3a646f59e6d0bbe3355d22efb831c2edb",
        "source_ref": "S1",
        "updated_at": "2026-06-25T23:20:23.803Z"
      },
      {
        "id": "category-projects-planning:aa7d93621c477b171a32b9a2aceb94848c09b30ba460fef807081351cd7b9209:S1",
        "page_id": "category-projects-planning",
        "file_id": "aa7d93621c477b171a32b9a2aceb94848c09b30ba460fef807081351cd7b9209",
        "source_ref": "S1",
        "updated_at": "2026-06-25T23:20:23.803Z"
      },
      {
        "id": "file-93b3acec59dfc0bfa4da75df429142e3a646f59e6d0bbe3355d22efb831c2edb:93b3acec59dfc0bfa4da75df429142e3a646f59e6d0bbe3355d22efb831c2edb:S1",
        "page_id": "file-93b3acec59dfc0bfa4da75df429142e3a646f59e6d0bbe3355d22efb831c2edb",
        "file_id": "93b3acec59dfc0bfa4da75df429142e3a646f59e6d0bbe3355d22efb831c2edb",
        "source_ref": "S1",
        "updated_at": "2026-06-25T23:20:23.803Z"
      },
      {
        "id": "file-aa7d93621c477b171a32b9a2aceb94848c09b30ba460fef807081351cd7b9209:aa7d93621c477b171a32b9a2aceb94848c09b30ba460fef807081351cd7b9209:S1",
        "page_id": "file-aa7d93621c477b171a32b9a2aceb94848c09b30ba460fef807081351cd7b9209",
        "file_id": "aa7d93621c477b171a32b9a2aceb94848c09b30ba460fef807081351cd7b9209",
        "source_ref": "S1",
        "updated_at": "2026-06-25T23:20:23.803Z"
      },
      {
        "id": "topic-legal-compliance-legal:93b3acec59dfc0bfa4da75df429142e3a646f59e6d0bbe3355d22efb831c2edb:S1",
        "page_id": "topic-legal-compliance-legal",
        "file_id": "93b3acec59dfc0bfa4da75df429142e3a646f59e6d0bbe3355d22efb831c2edb",
        "source_ref": "S1",
        "updated_at": "2026-06-25T23:20:23.803Z"
      },
      {
        "id": "topic-projects-planning-project:aa7d93621c477b171a32b9a2aceb94848c09b30ba460fef807081351cd7b9209:S1",
        "page_id": "topic-projects-planning-project",
        "file_id": "aa7d93621c477b171a32b9a2aceb94848c09b30ba460fef807081351cd7b9209",
        "source_ref": "S1",
        "updated_at": "2026-06-25T23:20:23.803Z"
      },
      {
        "id": "workspace-overview:93b3acec59dfc0bfa4da75df429142e3a646f59e6d0bbe3355d22efb831c2edb:S1",
        "page_id": "workspace-overview",
        "file_id": "93b3acec59dfc0bfa4da75df429142e3a646f59e6d0bbe3355d22efb831c2edb",
        "source_ref": "S1",
        "updated_at": "2026-06-25T23:20:23.803Z"
      },
      {
        "id": "workspace-overview:aa7d93621c477b171a32b9a2aceb94848c09b30ba460fef807081351cd7b9209:S2",
        "page_id": "workspace-overview",
        "file_id": "aa7d93621c477b171a32b9a2aceb94848c09b30ba460fef807081351cd7b9209",
        "source_ref": "S2",
        "updated_at": "2026-06-25T23:20:23.803Z"
      }
    ],
    "rebuilds": [
      {
        "id": "62b7f528-7691-4168-8c6b-c8af9116b6ae",
        "mode": "full",
        "status": "completed",
        "input_json": "{\"limit\":50,\"filePageLimit\":25}",
        "summary_json": "{\"generated\":2,\"page_count\":7,\"replacement_strategy\":\"selective-replacement\"}",
        "started_at": "2026-06-25T23:20:23.744Z",
        "completed_at": "2026-06-25T23:20:23.804Z",
        "created_at": "2026-06-25T23:20:23.744Z",
        "error_message": null,
        "input": {
          "limit": 50,
          "filePageLimit": 25
        },
        "summary": {
          "generated": 2,
          "page_count": 7,
          "replacement_strategy": "selective-replacement"
        }
      }
    ]
  }
}
:: SUMMARY ::
{
  "folder": "/tmp/eai-task-024.Cxsuql/disposable-alpha",
  "fileId": "93b3acec59dfc0bfa4da75df429142e3a646f59e6d0bbe3355d22efb831c2edb",
  "wikiPageId": "workspace-overview",
  "wikiPageSlug": "workspace-overview",
  "statusHealth": {
    "status": "ok",
    "service": "everythingai-api",
    "timestamp": "2026-06-25T23:20:23.082Z"
  },
  "index": {
    "rootPath": "/tmp/eai-task-024.Cxsuql/disposable-alpha",
    "maxFileSizeBytes": 262144000,
    "scanned": 3,
    "indexed": 3,
    "failed": 0,
    "skipped": 0,
    "skipped_unchanged": 0,
    "skipped_large": 0,
    "skipped_excluded": 0,
    "skippedReasons": [],
    "failedItems": [],
    "diagnostics": {
      "skippedReasons": [],
      "failedItems": []
    },
    "automation": {
      "enabled": false
    },
    "job": null
  },
  "extract": {
    "total": 3,
    "extracted": 2,
    "failed": 0,
    "stale_missing": 0,
    "unsupported": 1,
    "skipped_unchanged": 0,
    "failedItems": [],
    "staleMissingItems": [],
    "unsupportedItems": [
      {
        "fileId": "8040e6be320de2eca1a444f7508762cf2433b0ecbee4fa708661243ca49ac0d7",
        "filename": "unsupported.bin",
        "absolutePath": "/tmp/eai-task-024.Cxsuql/disposable-alpha/unsupported.bin",
        "extension": ".bin",
        "message": "Unsupported extension: .bin",
        "extractorName": "unsupported"
      }
    ],
    "skippedItems": [],
    "diagnostics": {
      "failedItems": [],
      "staleMissingItems": [],
      "unsupportedItems": [
        {
          "fileId": "8040e6be320de2eca1a444f7508762cf2433b0ecbee4fa708661243ca49ac0d7",
          "filename": "unsupported.bin",
          "absolutePath": "/tmp/eai-task-024.Cxsuql/disposable-alpha/unsupported.bin",
          "extension": ".bin",
          "message": "Unsupported extension: .bin",
          "extractorName": "unsupported"
        }
      ],
      "skippedItems": []
    }
  },
  "filesCount": 3,
  "searchCount": 2,
  "previewSnippet": null,
  "statusBody": {
    "status": {
      "total_files": 3,
      "indexed_files": 3,
      "failed_files": 0,
      "extracted_files": 2,
      "failed_extractions": 0,
      "searchable_files": 3,
      "embedded_files": 0,
      "insight_files": 0,
      "suggestions": 0,
      "last_indexed_at": "2026-06-25T23:20:23.427Z"
    },
    "provider": {
      "chat": "ollama",
      "model": null,
      "configured": false
    }
  },
  "wikiPageCount": 7,
  "diagnostics": {
    "diagnostics": {
      "generated_at": "2026-06-25T23:20:23.914Z",
      "page_stats": {
        "total_pages": 7,
        "active_pages": 7,
        "stale_pages": 0,
        "failed_pages": 0,
        "archived_pages": 0
      },
      "evidence_stats": {
        "section_count": 72,
        "source_count": 8,
        "chunk_count": 12,
        "relation_count": 8
      },
      "workspace_trust_health": {
        "status": "healthy",
        "quality_score": 100,
        "quality_grade": "A",
        "page_count": 7,
        "grade_counts": {
          "A": 7,
          "B": 0,
          "C": 0,
          "D": 0,
          "F": 0
        },
        "reasons": [
          "7 page quality signal(s) evaluated.",
          "Average page quality score is 100/100.",
          "All evaluated pages are currently in A/B trust range."
        ]
      },
      "validation_summary": {
        "status": "incomplete",
        "page_count": 7,
        "counts": {
          "unreviewed": 7,
          "reviewed": 0,
          "approved": 0,
          "needs_attention": 0,
          "rejected": 0
        },
        "conflict_count": 0,
        "review_candidate_count": 7,
        "conflicts": [],
        "review_candidates": [
          {
            "page_id": "category-legal-compliance",
            "title": "Legal & Compliance",
            "quality_grade": "A",
            "quality_score": 100,
            "human_validation": "unreviewed",
            "flags": {
              "high_quality_unreviewed": true,
              "high_quality_rejected": false,
              "high_quality_attention": false,
              "low_quality_approved": false
            }
          },
          {
            "page_id": "category-projects-planning",
            "title": "Projects & Planning",
            "quality_grade": "A",
            "quality_score": 100,
            "human_validation": "unreviewed",
            "flags": {
              "high_quality_unreviewed": true,
              "high_quality_rejected": false,
              "high_quality_attention": false,
              "low_quality_approved": false
            }
          },
          {
            "page_id": "workspace-overview",
            "title": "Workspace Overview",
            "quality_grade": "A",
            "quality_score": 100,
            "human_validation": "unreviewed",
            "flags": {
              "high_quality_unreviewed": true,
              "high_quality_rejected": false,
              "high_quality_attention": false,
              "low_quality_approved": false
            }
          },
          {
            "page_id": "topic-legal-compliance-legal",
            "title": "legal",
            "quality_grade": "A",
            "quality_score": 100,
            "human_validation": "unreviewed",
            "flags": {
              "high_quality_unreviewed": true,
              "high_quality_rejected": false,
              "high_quality_attention": false,
              "low_quality_approved": false
            }
          },
          {
            "page_id": "topic-projects-planning-project",
            "title": "project",
            "quality_grade": "A",
            "quality_score": 100,
            "human_validation": "unreviewed",
            "flags": {
              "high_quality_unreviewed": true,
              "high_quality_rejected": false,
              "high_quality_attention": false,
              "low_quality_approved": false
            }
          },
          {
            "page_id": "file-aa7d93621c477b171a32b9a2aceb94848c09b30ba460fef807081351cd7b9209",
            "title": "project-notes.md",
            "quality_grade": "A",
            "quality_score": 100,
            "human_validation": "unreviewed",
            "flags": {
              "high_quality_unreviewed": true,
              "high_quality_rejected": false,
              "high_quality_attention": false,
              "low_quality_approved": false
            }
          },
          {
            "page_id": "file-93b3acec59dfc0bfa4da75df429142e3a646f59e6d0bbe3355d22efb831c2edb",
            "title": "supplier-contract.txt",
            "quality_grade": "A",
            "quality_score": 100,
            "human_validation": "unreviewed",
            "flags": {
              "high_quality_unreviewed": true,
              "high_quality_rejected": false,
              "high_quality_attention": false,
              "low_quality_approved": false
            }
          }
        ],
        "reasons": [
          "7 page(s) included in validation visibility.",
          "0 page(s) have a stored human validation record.",
          "7 page(s) are still unreviewed.",
          "7 high-quality page(s) are review candidates."
        ]
      },
      "quality_summary": [
        {
          "page_id": "category-legal-compliance",
          "slug": "category-legal-compliance",
          "title": "Legal & Compliance",
          "page_type": "category",
          "status": "active",
          "quality_score": 100,
          "quality_grade": "A",
          "source_count": 1,
          "chunk_count": 1,
          "dependency_count": 1,
          "citation_coverage_score": 1,
          "weak_source_warning": false,
          "validation_state": {
            "source_validation": "supported",
            "runtime_validation": "healthy",
            "ai_validation": "not_started",
            "human_validation": "unreviewed"
          },
          "governance_flags": {
            "high_quality_unreviewed": true,
            "high_quality_rejected": false,
            "high_quality_attention": false,
            "low_quality_approved": false
          },
          "reasons": [
            "Page is active.",
            "1 source record(s) attached.",
            "1 persisted evidence chunk(s) attached.",
            "1 dependency record(s) attached.",
            "Citation coverage score is acceptable."
          ]
        },
        {
          "page_id": "category-projects-planning",
          "slug": "category-projects-planning",
          "title": "Projects & Planning",
          "page_type": "category",
          "status": "active",
          "quality_score": 100,
          "quality_grade": "A",
          "source_count": 1,
          "chunk_count": 2,
          "dependency_count": 1,
          "citation_coverage_score": 1,
          "weak_source_warning": false,
          "validation_state": {
            "source_validation": "supported",
            "runtime_validation": "healthy",
            "ai_validation": "not_started",
            "human_validation": "unreviewed"
          },
          "governance_flags": {
            "high_quality_unreviewed": true,
            "high_quality_rejected": false,
            "high_quality_attention": false,
            "low_quality_approved": false
          },
          "reasons": [
            "Page is active.",
            "1 source record(s) attached.",
            "2 persisted evidence chunk(s) attached.",
            "1 dependency record(s) attached.",
            "Citation coverage score is acceptable."
          ]
        },
        {
          "page_id": "workspace-overview",
          "slug": "workspace-overview",
          "title": "Workspace Overview",
          "page_type": "system",
          "status": "active",
          "quality_score": 100,
          "quality_grade": "A",
          "source_count": 2,
          "chunk_count": 3,
          "dependency_count": 2,
          "citation_coverage_score": 1,
          "weak_source_warning": false,
          "validation_state": {
            "source_validation": "supported",
            "runtime_validation": "healthy",
            "ai_validation": "not_started",
            "human_validation": "unreviewed"
          },
          "governance_flags": {
            "high_quality_unreviewed": true,
            "high_quality_rejected": false,
            "high_quality_attention": false,
            "low_quality_approved": false
          },
          "reasons": [
            "Page is active.",
            "2 source record(s) attached.",
            "3 persisted evidence chunk(s) attached.",
            "2 dependency record(s) attached.",
            "Citation coverage score is acceptable."
          ]
        },
        {
          "page_id": "topic-legal-compliance-legal",
          "slug": "topic-legal-compliance-legal",
          "title": "legal",
          "page_type": "topic",
          "status": "active",
          "quality_score": 100,
          "quality_grade": "A",
          "source_count": 1,
          "chunk_count": 1,
          "dependency_count": 1,
          "citation_coverage_score": 1,
          "weak_source_warning": false,
          "validation_state": {
            "source_validation": "supported",
            "runtime_validation": "healthy",
            "ai_validation": "not_started",
            "human_validation": "unreviewed"
          },
          "governance_flags": {
            "high_quality_unreviewed": true,
            "high_quality_rejected": false,
            "high_quality_attention": false,
            "low_quality_approved": false
          },
          "reasons": [
            "Page is active.",
            "1 source record(s) attached.",
            "1 persisted evidence chunk(s) attached.",
            "1 dependency record(s) attached.",
            "Citation coverage score is acceptable."
          ]
        },
        {
          "page_id": "topic-projects-planning-project",
          "slug": "topic-projects-planning-project",
          "title": "project",
          "page_type": "topic",
          "status": "active",
          "quality_score": 100,
          "quality_grade": "A",
          "source_count": 1,
          "chunk_count": 2,
          "dependency_count": 1,
          "citation_coverage_score": 1,
          "weak_source_warning": false,
          "validation_state": {
            "source_validation": "supported",
            "runtime_validation": "healthy",
            "ai_validation": "not_started",
            "human_validation": "unreviewed"
          },
          "governance_flags": {
            "high_quality_unreviewed": true,
            "high_quality_rejected": false,
            "high_quality_attention": false,
            "low_quality_approved": false
          },
          "reasons": [
            "Page is active.",
            "1 source record(s) attached.",
            "2 persisted evidence chunk(s) attached.",
            "1 dependency record(s) attached.",
            "Citation coverage score is acceptable."
          ]
        },
        {
          "page_id": "file-aa7d93621c477b171a32b9a2aceb94848c09b30ba460fef807081351cd7b9209",
          "slug": "file-project-notes-md-aa7d9362",
          "title": "project-notes.md",
          "page_type": "file",
          "status": "active",
          "quality_score": 100,
          "quality_grade": "A",
          "source_count": 1,
          "chunk_count": 2,
          "dependency_count": 1,
          "citation_coverage_score": 1,
          "weak_source_warning": false,
          "validation_state": {
            "source_validation": "supported",
            "runtime_validation": "healthy",
            "ai_validation": "not_started",
            "human_validation": "unreviewed"
          },
          "governance_flags": {
            "high_quality_unreviewed": true,
            "high_quality_rejected": false,
            "high_quality_attention": false,
            "low_quality_approved": false
          },
          "reasons": [
            "Page is active.",
            "1 source record(s) attached.",
            "2 persisted evidence chunk(s) attached.",
            "1 dependency record(s) attached.",
            "Citation coverage score is acceptable."
          ]
        },
        {
          "page_id": "file-93b3acec59dfc0bfa4da75df429142e3a646f59e6d0bbe3355d22efb831c2edb",
          "slug": "file-supplier-contract-txt-93b3acec",
          "title": "supplier-contract.txt",
          "page_type": "file",
          "status": "active",
          "quality_score": 100,
          "quality_grade": "A",
          "source_count": 1,
          "chunk_count": 1,
          "dependency_count": 1,
          "citation_coverage_score": 1,
          "weak_source_warning": false,
          "validation_state": {
            "source_validation": "supported",
            "runtime_validation": "healthy",
            "ai_validation": "not_started",
            "human_validation": "unreviewed"
          },
          "governance_flags": {
            "high_quality_unreviewed": true,
            "high_quality_rejected": false,
            "high_quality_attention": false,
            "low_quality_approved": false
          },
          "reasons": [
            "Page is active.",
            "1 source record(s) attached.",
            "1 persisted evidence chunk(s) attached.",
            "1 dependency record(s) attached.",
            "Citation coverage score is acceptable."
          ]
        }
      ],
      "build_state": [
        {
          "key": "last_full_build_at",
          "value": "2026-06-25T23:20:23.802Z",
          "updated_at": "2026-06-25T23:20:23.802Z"
        },
        {
          "key": "last_page_count",
          "value": "7",
          "updated_at": "2026-06-25T23:20:23.804Z"
        }
      ],
      "fingerprints": [
        {
          "file_id": "8040e6be320de2eca1a444f7508762cf2433b0ecbee4fa708661243ca49ac0d7",
          "absolute_path": "/tmp/eai-task-024.Cxsuql/disposable-alpha/unsupported.bin",
          "content_hash": "da39a3ee5e6b4b0d3255bfef95601890afd80709",
          "content_length": 0,
          "extracted_at": "2026-06-25T23:20:23.484Z",
          "updated_at": "2026-06-25T23:20:23.804Z"
        },
        {
          "file_id": "93b3acec59dfc0bfa4da75df429142e3a646f59e6d0bbe3355d22efb831c2edb",
          "absolute_path": "/tmp/eai-task-024.Cxsuql/disposable-alpha/supplier-contract.txt",
          "content_hash": "05e87d2f3c3c574ebd910f181e9df1056a17b771",
          "content_length": 138,
          "extracted_at": "2026-06-25T23:20:23.494Z",
          "updated_at": "2026-06-25T23:20:23.804Z"
        },
        {
          "file_id": "aa7d93621c477b171a32b9a2aceb94848c09b30ba460fef807081351cd7b9209",
          "absolute_path": "/tmp/eai-task-024.Cxsuql/disposable-alpha/project-notes.md",
          "content_hash": "e080748c5de1854c72a6d606aa00ce86264b28e9",
          "content_length": 111,
          "extracted_at": "2026-06-25T23:20:23.497Z",
          "updated_at": "2026-06-25T23:20:23.804Z"
        }
      ],
      "dependencies": [
        {
          "id": "category-legal-compliance:93b3acec59dfc0bfa4da75df429142e3a646f59e6d0bbe3355d22efb831c2edb:S1",
          "page_id": "category-legal-compliance",
          "file_id": "93b3acec59dfc0bfa4da75df429142e3a646f59e6d0bbe3355d22efb831c2edb",
          "source_ref": "S1",
          "updated_at": "2026-06-25T23:20:23.803Z"
        },
        {
          "id": "category-projects-planning:aa7d93621c477b171a32b9a2aceb94848c09b30ba460fef807081351cd7b9209:S1",
          "page_id": "category-projects-planning",
          "file_id": "aa7d93621c477b171a32b9a2aceb94848c09b30ba460fef807081351cd7b9209",
          "source_ref": "S1",
          "updated_at": "2026-06-25T23:20:23.803Z"
        },
        {
          "id": "file-93b3acec59dfc0bfa4da75df429142e3a646f59e6d0bbe3355d22efb831c2edb:93b3acec59dfc0bfa4da75df429142e3a646f59e6d0bbe3355d22efb831c2edb:S1",
          "page_id": "file-93b3acec59dfc0bfa4da75df429142e3a646f59e6d0bbe3355d22efb831c2edb",
          "file_id": "93b3acec59dfc0bfa4da75df429142e3a646f59e6d0bbe3355d22efb831c2edb",
          "source_ref": "S1",
          "updated_at": "2026-06-25T23:20:23.803Z"
        },
        {
          "id": "file-aa7d93621c477b171a32b9a2aceb94848c09b30ba460fef807081351cd7b9209:aa7d93621c477b171a32b9a2aceb94848c09b30ba460fef807081351cd7b9209:S1",
          "page_id": "file-aa7d93621c477b171a32b9a2aceb94848c09b30ba460fef807081351cd7b9209",
          "file_id": "aa7d93621c477b171a32b9a2aceb94848c09b30ba460fef807081351cd7b9209",
          "source_ref": "S1",
          "updated_at": "2026-06-25T23:20:23.803Z"
        },
        {
          "id": "topic-legal-compliance-legal:93b3acec59dfc0bfa4da75df429142e3a646f59e6d0bbe3355d22efb831c2edb:S1",
          "page_id": "topic-legal-compliance-legal",
          "file_id": "93b3acec59dfc0bfa4da75df429142e3a646f59e6d0bbe3355d22efb831c2edb",
          "source_ref": "S1",
          "updated_at": "2026-06-25T23:20:23.803Z"
        },
        {
          "id": "topic-projects-planning-project:aa7d93621c477b171a32b9a2aceb94848c09b30ba460fef807081351cd7b9209:S1",
          "page_id": "topic-projects-planning-project",
          "file_id": "aa7d93621c477b171a32b9a2aceb94848c09b30ba460fef807081351cd7b9209",
          "source_ref": "S1",
          "updated_at": "2026-06-25T23:20:23.803Z"
        },
        {
          "id": "workspace-overview:93b3acec59dfc0bfa4da75df429142e3a646f59e6d0bbe3355d22efb831c2edb:S1",
          "page_id": "workspace-overview",
          "file_id": "93b3acec59dfc0bfa4da75df429142e3a646f59e6d0bbe3355d22efb831c2edb",
          "source_ref": "S1",
          "updated_at": "2026-06-25T23:20:23.803Z"
        },
        {
          "id": "workspace-overview:aa7d93621c477b171a32b9a2aceb94848c09b30ba460fef807081351cd7b9209:S2",
          "page_id": "workspace-overview",
          "file_id": "aa7d93621c477b171a32b9a2aceb94848c09b30ba460fef807081351cd7b9209",
          "source_ref": "S2",
          "updated_at": "2026-06-25T23:20:23.803Z"
        }
      ],
      "rebuilds": [
        {
          "id": "62b7f528-7691-4168-8c6b-c8af9116b6ae",
          "mode": "full",
          "status": "completed",
          "input_json": "{\"limit\":50,\"filePageLimit\":25}",
          "summary_json": "{\"generated\":2,\"page_count\":7,\"replacement_strategy\":\"selective-replacement\"}",
          "started_at": "2026-06-25T23:20:23.744Z",
          "completed_at": "2026-06-25T23:20:23.804Z",
          "created_at": "2026-06-25T23:20:23.744Z",
          "error_message": null,
          "input": {
            "limit": 50,
            "filePageLimit": 25
          },
          "summary": {
            "generated": 2,
            "page_count": 7,
            "replacement_strategy": "selective-replacement"
          }
        }
      ]
    }
  }
}
